-- MySQL dump 10.13  Distrib 8.0.26, for Win64 (x86_64)
--
-- Host: localhost    Database: db_g11_digirent
-- ------------------------------------------------------
-- Server version	8.0.26

/*!40101 SET @OLD_CHARACTER_SET_CLIENT=@@CHARACTER_SET_CLIENT */;
/*!40101 SET @OLD_CHARACTER_SET_RESULTS=@@CHARACTER_SET_RESULTS */;
/*!40101 SET @OLD_COLLATION_CONNECTION=@@COLLATION_CONNECTION */;
/*!50503 SET NAMES utf8 */;
/*!40103 SET @OLD_TIME_ZONE=@@TIME_ZONE */;
/*!40103 SET TIME_ZONE='+00:00' */;
/*!40014 SET @OLD_UNIQUE_CHECKS=@@UNIQUE_CHECKS, UNIQUE_CHECKS=0 */;
/*!40014 SET @OLD_FOREIGN_KEY_CHECKS=@@FOREIGN_KEY_CHECKS, FOREIGN_KEY_CHECKS=0 */;
/*!40101 SET @OLD_SQL_MODE=@@SQL_MODE, SQL_MODE='NO_AUTO_VALUE_ON_ZERO' */;
/*!40111 SET @OLD_SQL_NOTES=@@SQL_NOTES, SQL_NOTES=0 */;

--
-- Table structure for table `caracteristicas`
--

DROP TABLE IF EXISTS `caracteristicas`;
/*!40101 SET @saved_cs_client     = @@character_set_client */;
/*!50503 SET character_set_client = utf8mb4 */;
CREATE TABLE `caracteristicas` (
  `id_caracteristica` int NOT NULL AUTO_INCREMENT,
  `icono` varchar(255) DEFAULT NULL,
  `nombre` varchar(255) DEFAULT NULL,
  PRIMARY KEY (`id_caracteristica`)
) ENGINE=InnoDB AUTO_INCREMENT=20 DEFAULT CHARSET=utf8mb4 COLLATE=utf8mb4_0900_ai_ci;
/*!40101 SET character_set_client = @saved_cs_client */;

--
-- Dumping data for table `caracteristicas`
--

LOCK TABLES `caracteristicas` WRITE;
/*!40000 ALTER TABLE `caracteristicas` DISABLE KEYS */;
INSERT INTO `caracteristicas` VALUES (1,'Utensils','Cocina'),(2,'Tv','Televisor'),(3,'Snowflake','Aire Acondicionado'),(4,'Dog','Apto p/ Mascotas'),(5,'Car','Estacionamiento gratuito'),(6,'WaterLadder','Pileta'),(7,'Wifi','Wifi'),(8,'Spa','Spa');
/*!40000 ALTER TABLE `caracteristicas` ENABLE KEYS */;
UNLOCK TABLES;

--
-- Table structure for table `categorias`
--

DROP TABLE IF EXISTS `categorias`;
/*!40101 SET @saved_cs_client     = @@character_set_client */;
/*!50503 SET character_set_client = utf8mb4 */;
CREATE TABLE `categorias` (
  `id_categoria` int NOT NULL AUTO_INCREMENT,
  `descripcion` varchar(255) CHARACTER SET utf8 COLLATE utf8_spanish2_ci DEFAULT NULL,
  `titulo` varchar(255) CHARACTER SET utf8 COLLATE utf8_spanish2_ci DEFAULT NULL,
  `url` varchar(255) CHARACTER SET utf8 COLLATE utf8_spanish2_ci DEFAULT NULL,
  PRIMARY KEY (`id_categoria`)
) ENGINE=InnoDB AUTO_INCREMENT=90 DEFAULT CHARSET=utf8mb3 COLLATE=utf8_spanish2_ci;
/*!40101 SET character_set_client = @saved_cs_client */;

--
-- Dumping data for table `categorias`
--

LOCK TABLES `categorias` WRITE;
/*!40000 ALTER TABLE `categorias` DISABLE KEYS */;
INSERT INTO `categorias` VALUES (1,'Casas','Casas','https://images.unsplash.com/photo-1601918774946-25832a4be0d6?crop=entropy&cs=tinysrgb&fm=jpg&ixlib=rb-1.2.1&q=60&raw_url=true&ixid=MnwxMjA3fDB8MHxzZWFyY2h8Mnx8Y2FiYSVDMyVCMWFzfGVufDB8fDB8fA%3D%3D&auto=format&fit=crop&w=500'),(2,'Departamentos de alquiler temporario en la ciudad que elijas','Departamentos en alquiler','https://images.unsplash.com/photo-1580785692949-7b5b7fd83d25?ixlib=rb-1.2.1&ixid=MnwxMjA3fDB8MHxwaG90by1wYWdlfHx8fGVufDB8fHx8&auto=format&fit=crop&w=1473&q=80'),(3,'Cabañas de madera en la naturaleza','Cabañas','https://images.unsplash.com/photo-1601918774946-25832a4be0d6?crop=entropy&cs=tinysrgb&fm=jpg&ixlib=rb-1.2.1&q=60&raw_url=true&ixid=MnwxMjA3fDB8MHxzZWFyY2h8Mnx8Y2FiYSVDMyVCMWFzfGVufDB8fDB8fA%3D%3D&auto=format&fit=crop&w=500'),(4,'Casas playeras con salida al mar','Casas de playa','https://images.unsplash.com/photo-1499793983690-e29da59ef1c2?crop=entropy&cs=tinysrgb&fm=jpg&ixlib=rb-1.2.1&q=60&raw_url=true&ixid=MnwxMjA3fDB8MHxzZWFyY2h8MXx8Y2FzYSUyMGRlJTIwcGxheWF8ZW58MHx8MHx8&auto=format&fit=crop&w=500');
/*!40000 ALTER TABLE `categorias` ENABLE KEYS */;
UNLOCK TABLES;

--
-- Table structure for table `ciudades`
--

DROP TABLE IF EXISTS `ciudades`;
/*!40101 SET @saved_cs_client     = @@character_set_client */;
/*!50503 SET character_set_client = utf8mb4 */;
CREATE TABLE `ciudades` (
  `id_ciudad` int NOT NULL AUTO_INCREMENT,
  `nombre` varchar(255) CHARACTER SET latin1 COLLATE latin1_spanish_ci DEFAULT NULL,
  `pais` varchar(255) CHARACTER SET latin1 COLLATE latin1_spanish_ci DEFAULT NULL,
  `provincia` varchar(255) CHARACTER SET latin1 COLLATE latin1_spanish_ci DEFAULT NULL,
  PRIMARY KEY (`id_ciudad`)
) ENGINE=InnoDB AUTO_INCREMENT=37 DEFAULT CHARSET=latin1 COLLATE=latin1_spanish_ci;
/*!40101 SET character_set_client = @saved_cs_client */;

--
-- Dumping data for table `ciudades`
--

LOCK TABLES `ciudades` WRITE;
/*!40000 ALTER TABLE `ciudades` DISABLE KEYS */;
INSERT INTO `ciudades` VALUES (1,'Lujan','Argentina','Buenos Aires'),(2,'Huerta Grande','Argentina','Córdoba'),(3,'La Plata','Argentina','Buenos Aires'),(4,'Campana','Argentina','Buenos Aires'),(5,'Goya','Argentina','Corrientes'),(6,'Wheelwright','Argentina','Santa Fe'),(7,'Tigre','Argentina','Buenos Aires'),(8,'Gral. Juan Madariaga','Argentina','Buenos Aires'),(9,'Miramar','Argentina','Buenos Aires'),(10,'Mar del Plata','Argentina','Buenos Aires'),(11,'Puerto Madryn','Argentina','Chubut'),(12,'Pinamar','Argentina','Buenos Aires'),(13,'Villa Gesell','Argentina','Buenos Aires'),(14,'Monte Hermoso','Argentinna','Buenos Aires'),(15,'Rosario','Argentina','Santa Fe'),(16,'Córdoba','Argentina','Córdoba'),(17,'El Bolsón','Argentina','Río Negro'),(18,'San Cristobal','Argentina','Santa Fe'),(25,'San Cristobal','Argentina','Santa Fe'),(26,'Huerta Grande','Argentina','Córdoba'),(27,'nueva ciudad','país','provincia'),(28,'San Cristobal','Argentina','Santa Fe'),(29,'Huerta Grande','Argentina','Córdoba'),(30,'San Cristobal','Argentina','Santa Fe'),(31,'Huerta Grande','Argentina','Córdoba'),(32,'San Cristobal','Argentina','Santa Fe'),(33,'Huerta Grande','Argentina','Córdoba'),(36,'wewe','wewe','wewe');
/*!40000 ALTER TABLE `ciudades` ENABLE KEYS */;
UNLOCK TABLES;

--
-- Table structure for table `elementos_politicas`
--

DROP TABLE IF EXISTS `elementos_politicas`;
/*!40101 SET @saved_cs_client     = @@character_set_client */;
/*!50503 SET character_set_client = utf8mb4 */;
CREATE TABLE `elementos_politicas` (
  `id_elementos_politica` int NOT NULL AUTO_INCREMENT,
  `nombre` varchar(255) DEFAULT NULL,
  `politicas_id_politica` int NOT NULL,
  PRIMARY KEY (`id_elementos_politica`,`politicas_id_politica`),
  KEY `fk_elementos_politicas_politicas_idx` (`politicas_id_politica`),
  CONSTRAINT `fk_elementos_politicas_politicas` FOREIGN KEY (`politicas_id_politica`) REFERENCES `politicas` (`id_politica`)
) ENGINE=InnoDB AUTO_INCREMENT=216 DEFAULT CHARSET=utf8mb4 COLLATE=utf8mb4_0900_ai_ci;
/*!40101 SET character_set_client = @saved_cs_client */;

--
-- Dumping data for table `elementos_politicas`
--

LOCK TABLES `elementos_politicas` WRITE;
/*!40000 ALTER TABLE `elementos_politicas` DISABLE KEYS */;
/*!40000 ALTER TABLE `elementos_politicas` ENABLE KEYS */;
UNLOCK TABLES;

--
-- Table structure for table `imagenes`
--

DROP TABLE IF EXISTS `imagenes`;
/*!40101 SET @saved_cs_client     = @@character_set_client */;
/*!50503 SET character_set_client = utf8mb4 */;
CREATE TABLE `imagenes` (
  `id_imagen` int NOT NULL AUTO_INCREMENT,
  `titulo` varchar(255) DEFAULT NULL,
  `url` varchar(255) DEFAULT NULL,
  `productos_id_producto` int NOT NULL,
  PRIMARY KEY (`id_imagen`,`productos_id_producto`),
  KEY `fk_imagenes_productos_idx` (`productos_id_producto`),
  CONSTRAINT `fk_imagenes_productos` FOREIGN KEY (`productos_id_producto`) REFERENCES `productos` (`id_producto`)
) ENGINE=InnoDB AUTO_INCREMENT=298 DEFAULT CHARSET=utf8mb4 COLLATE=utf8mb4_0900_ai_ci;
/*!40101 SET character_set_client = @saved_cs_client */;

--
-- Dumping data for table `imagenes`
--

LOCK TABLES `imagenes` WRITE;
/*!40000 ALTER TABLE `imagenes` DISABLE KEYS */;
INSERT INTO `imagenes` VALUES (1,'Casa1','https://images.unsplash.com/photo-1599427303058-f04cbcf4756f?ixlib=rb-1.2.1&ixid=MnwxMjA3fDB8MHxwaG90by1wYWdlfHx8fGVufDB8fHx8&auto=format&fit=crop&w=871&q=80',1),(2,'Casa2','https://images.unsplash.com/photo-1501876725168-00c445821c9e?ixlib=rb-1.2.1&ixid=MnwxMjA3fDB8MHxwaG90by1wYWdlfHx8fGVufDB8fHx8&auto=format&fit=crop&w=870&q=80',1),(4,'Casa4','https://images.unsplash.com/photo-1604769319166-010643ace337?ixlib=rb-1.2.1&ixid=MnwxMjA3fDB8MHxwaG90by1wYWdlfHx8fGVufDB8fHx8&auto=format&fit=crop&w=871&q=80',1),(5,'Casa5','https://images.unsplash.com/photo-1574643156929-51fa098b0394?ixlib=rb-1.2.1&ixid=MnwxMjA3fDB8MHxwaG90by1wYWdlfHx8fGVufDB8fHx8&auto=format&fit=crop&w=870&q=80',1),(6,'Playa1','https://images.unsplash.com/photo-1605549339992-83721992836e?ixlib=rb-1.2.1&ixid=MnwxMjA3fDB8MHxwaG90by1wYWdlfHx8fGVufDB8fHx8&auto=format&fit=crop&w=887&q=80',16),(7,'Playa2','https://images.unsplash.com/photo-1613553474179-e1eda3ea5734?ixlib=rb-1.2.1&ixid=MnwxMjA3fDB8MHxwaG90by1wYWdlfHx8fGVufDB8fHx8&auto=format&fit=crop&w=870&q=80',16),(8,'Playa3','https://images.unsplash.com/photo-1620221730414-5e976c63c2da?ixlib=rb-1.2.1&ixid=MnwxMjA3fDB8MHxwaG90by1wYWdlfHx8fGVufDB8fHx8&auto=format&fit=crop&w=870&q=80',16),(9,'Playa4','https://images.unsplash.com/photo-1623867483196-59106249d45e?ixlib=rb-1.2.1&ixid=MnwxMjA3fDB8MHxwaG90by1wYWdlfHx8fGVufDB8fHx8&auto=format&fit=crop&w=774&q=80',16),(10,'Playa5','https://images.unsplash.com/photo-1577372970039-2ac351969c87?ixlib=rb-1.2.1&ixid=MnwxMjA3fDB8MHxwaG90by1wYWdlfHx8fGVufDB8fHx8&auto=format&fit=crop&w=870&q=80',16),(11,'Depto1','https://images.unsplash.com/photo-1502672260266-1c1ef2d93688?ixlib=rb-1.2.1&ixid=MnwxMjA3fDB8MHxwaG90by1wYWdlfHx8fGVufDB8fHx8&auto=format&fit=crop&w=780&q=80',3),(12,'Depto2','https://images.unsplash.com/photo-1502672023488-70e25813eb80?ixlib=rb-1.2.1&ixid=MnwxMjA3fDB8MHxwaG90by1wYWdlfHx8fGVufDB8fHx8&auto=format&fit=crop&w=764&q=80',3),(13,'Depto3','https://images.unsplash.com/photo-1610527003928-47afd5f470c6?ixlib=rb-1.2.1&ixid=MnwxMjA3fDB8MHxwaG90by1wYWdlfHx8fGVufDB8fHx8&auto=format&fit=crop&w=872&q=80',3),(14,'Depto4','https://images.unsplash.com/photo-1549638441-b787d2e11f14?ixlib=rb-1.2.1&ixid=MnwxMjA3fDB8MHxwaG90by1wYWdlfHx8fGVufDB8fHx8&auto=format&fit=crop&w=870&q=80',3),(15,'Depto5','https://images.unsplash.com/photo-1580041065738-e72023775cdc?ixlib=rb-1.2.1&ixid=MnwxMjA3fDB8MHxwaG90by1wYWdlfHx8fGVufDB8fHx8&auto=format&fit=crop&w=870&q=80',3),(16,'Cabaña1','https://images.unsplash.com/photo-1631630259742-c0f0b17c6c10?ixlib=rb-1.2.1&ixid=MnwxMjA3fDB8MHxwaG90by1wYWdlfHx8fGVufDB8fHx8&auto=format&fit=crop&w=870&q=80',5),(17,'Cabaña2','https://images.unsplash.com/photo-1554332208-9dfebcc48334?ixlib=rb-1.2.1&ixid=MnwxMjA3fDB8MHxwaG90by1wYWdlfHx8fGVufDB8fHx8&auto=format&fit=crop&w=869&q=80',5),(18,'Cabaña3','https://images.unsplash.com/photo-1631756964162-25c8c07579b5?ixlib=rb-1.2.1&ixid=MnwxMjA3fDB8MHxwaG90by1wYWdlfHx8fGVufDB8fHx8&auto=format&fit=crop&w=870&q=80',5),(19,'Cabaña4','https://images.unsplash.com/photo-1568659585069-facb248c4935?ixlib=rb-1.2.1&ixid=MnwxMjA3fDB8MHxwaG90by1wYWdlfHx8fGVufDB8fHx8&auto=format&fit=crop&w=870&q=80',5),(20,'Cabaña5','https://images.unsplash.com/photo-1539298781177-895e382e795c?ixlib=rb-1.2.1&ixid=MnwxMjA3fDB8MHxwaG90by1wYWdlfHx8fGVufDB8fHx8&auto=format&fit=crop&w=870&q=80',5),(21,'Casa1','https://images.unsplash.com/photo-1599427303058-f04cbcf4756f?ixlib=rb-1.2.1&ixid=MnwxMjA3fDB8MHxwaG90by1wYWdlfHx8fGVufDB8fHx8&auto=format&fit=crop&w=871&q=80',9),(22,'Casa2','https://images.unsplash.com/photo-1501876725168-00c445821c9e?ixlib=rb-1.2.1&ixid=MnwxMjA3fDB8MHxwaG90by1wYWdlfHx8fGVufDB8fHx8&auto=format&fit=crop&w=870&q=80',9),(23,'Casa3','https://images.unsplash.com/photo-1507089947368-19c1da9775ae?ixlib=rb-1.2.1&ixid=MnwxMjA3fDB8MHxwaG90by1wYWdlfHx8fGVufDB8fHx8&auto=format&fit=crop&w=876&q=80',9),(24,'Casa4','https://images.unsplash.com/photo-1604769319166-010643ace337?ixlib=rb-1.2.1&ixid=MnwxMjA3fDB8MHxwaG90by1wYWdlfHx8fGVufDB8fHx8&auto=format&fit=crop&w=871&q=80',9),(25,'Casa5','https://images.unsplash.com/photo-1574643156929-51fa098b0394?ixlib=rb-1.2.1&ixid=MnwxMjA3fDB8MHxwaG90by1wYWdlfHx8fGVufDB8fHx8&auto=format&fit=crop&w=870&q=80',9),(26,'Playa1','https://images.unsplash.com/photo-1605549339992-83721992836e?ixlib=rb-1.2.1&ixid=MnwxMjA3fDB8MHxwaG90by1wYWdlfHx8fGVufDB8fHx8&auto=format&fit=crop&w=887&q=80',7),(27,'Playa2','https://images.unsplash.com/photo-1613553474179-e1eda3ea5734?ixlib=rb-1.2.1&ixid=MnwxMjA3fDB8MHxwaG90by1wYWdlfHx8fGVufDB8fHx8&auto=format&fit=crop&w=870&q=80',7),(28,'Playa3','https://images.unsplash.com/photo-1620221730414-5e976c63c2da?ixlib=rb-1.2.1&ixid=MnwxMjA3fDB8MHxwaG90by1wYWdlfHx8fGVufDB8fHx8&auto=format&fit=crop&w=870&q=80',7),(29,'Playa4','https://images.unsplash.com/photo-1623867483196-59106249d45e?ixlib=rb-1.2.1&ixid=MnwxMjA3fDB8MHxwaG90by1wYWdlfHx8fGVufDB8fHx8&auto=format&fit=crop&w=774&q=80',7),(30,'Playa5','https://images.unsplash.com/photo-1577372970039-2ac351969c87?ixlib=rb-1.2.1&ixid=MnwxMjA3fDB8MHxwaG90by1wYWdlfHx8fGVufDB8fHx8&auto=format&fit=crop&w=870&q=80',7),(31,'Depto1','https://images.unsplash.com/photo-1502672260266-1c1ef2d93688?ixlib=rb-1.2.1&ixid=MnwxMjA3fDB8MHxwaG90by1wYWdlfHx8fGVufDB8fHx8&auto=format&fit=crop&w=780&q=80',4),(32,'Depto2','https://images.unsplash.com/photo-1502672023488-70e25813eb80?ixlib=rb-1.2.1&ixid=MnwxMjA3fDB8MHxwaG90by1wYWdlfHx8fGVufDB8fHx8&auto=format&fit=crop&w=764&q=80',4),(33,'Depto3','https://images.unsplash.com/photo-1610527003928-47afd5f470c6?ixlib=rb-1.2.1&ixid=MnwxMjA3fDB8MHxwaG90by1wYWdlfHx8fGVufDB8fHx8&auto=format&fit=crop&w=872&q=80',4),(34,'Depto4','https://images.unsplash.com/photo-1549638441-b787d2e11f14?ixlib=rb-1.2.1&ixid=MnwxMjA3fDB8MHxwaG90by1wYWdlfHx8fGVufDB8fHx8&auto=format&fit=crop&w=870&q=80',4),(35,'Depto5','https://images.unsplash.com/photo-1580041065738-e72023775cdc?ixlib=rb-1.2.1&ixid=MnwxMjA3fDB8MHxwaG90by1wYWdlfHx8fGVufDB8fHx8&auto=format&fit=crop&w=870&q=80',4),(36,'Cabaña1','https://images.unsplash.com/photo-1631630259742-c0f0b17c6c10?ixlib=rb-1.2.1&ixid=MnwxMjA3fDB8MHxwaG90by1wYWdlfHx8fGVufDB8fHx8&auto=format&fit=crop&w=870&q=80',6),(37,'Cabaña2','https://images.unsplash.com/photo-1554332208-9dfebcc48334?ixlib=rb-1.2.1&ixid=MnwxMjA3fDB8MHxwaG90by1wYWdlfHx8fGVufDB8fHx8&auto=format&fit=crop&w=869&q=80',6),(38,'Cabaña3','https://images.unsplash.com/photo-1631756964162-25c8c07579b5?ixlib=rb-1.2.1&ixid=MnwxMjA3fDB8MHxwaG90by1wYWdlfHx8fGVufDB8fHx8&auto=format&fit=crop&w=870&q=80',6),(39,'Cabaña4','https://images.unsplash.com/photo-1568659585069-facb248c4935?ixlib=rb-1.2.1&ixid=MnwxMjA3fDB8MHxwaG90by1wYWdlfHx8fGVufDB8fHx8&auto=format&fit=crop&w=870&q=80',6),(40,'Cabaña5','https://images.unsplash.com/photo-1539298781177-895e382e795c?ixlib=rb-1.2.1&ixid=MnwxMjA3fDB8MHxwaG90by1wYWdlfHx8fGVufDB8fHx8&auto=format&fit=crop&w=870&q=80',6),(41,'Casa1','https://images.unsplash.com/photo-1599427303058-f04cbcf4756f?ixlib=rb-1.2.1&ixid=MnwxMjA3fDB8MHxwaG90by1wYWdlfHx8fGVufDB8fHx8&auto=format&fit=crop&w=871&q=80',10),(42,'Casa2','https://images.unsplash.com/photo-1501876725168-00c445821c9e?ixlib=rb-1.2.1&ixid=MnwxMjA3fDB8MHxwaG90by1wYWdlfHx8fGVufDB8fHx8&auto=format&fit=crop&w=870&q=80',10),(43,'Casa3','https://images.unsplash.com/photo-1507089947368-19c1da9775ae?ixlib=rb-1.2.1&ixid=MnwxMjA3fDB8MHxwaG90by1wYWdlfHx8fGVufDB8fHx8&auto=format&fit=crop&w=876&q=80',10),(44,'Casa4','https://images.unsplash.com/photo-1604769319166-010643ace337?ixlib=rb-1.2.1&ixid=MnwxMjA3fDB8MHxwaG90by1wYWdlfHx8fGVufDB8fHx8&auto=format&fit=crop&w=871&q=80',10),(45,'Casa5','https://images.unsplash.com/photo-1574643156929-51fa098b0394?ixlib=rb-1.2.1&ixid=MnwxMjA3fDB8MHxwaG90by1wYWdlfHx8fGVufDB8fHx8&auto=format&fit=crop&w=870&q=80',10),(46,'Playa1','https://images.unsplash.com/photo-1605549339992-83721992836e?ixlib=rb-1.2.1&ixid=MnwxMjA3fDB8MHxwaG90by1wYWdlfHx8fGVufDB8fHx8&auto=format&fit=crop&w=887&q=80',8),(47,'Playa2','https://images.unsplash.com/photo-1613553474179-e1eda3ea5734?ixlib=rb-1.2.1&ixid=MnwxMjA3fDB8MHxwaG90by1wYWdlfHx8fGVufDB8fHx8&auto=format&fit=crop&w=870&q=80',8),(48,'Playa3','https://images.unsplash.com/photo-1620221730414-5e976c63c2da?ixlib=rb-1.2.1&ixid=MnwxMjA3fDB8MHxwaG90by1wYWdlfHx8fGVufDB8fHx8&auto=format&fit=crop&w=870&q=80',8),(49,'Playa4','https://images.unsplash.com/photo-1623867483196-59106249d45e?ixlib=rb-1.2.1&ixid=MnwxMjA3fDB8MHxwaG90by1wYWdlfHx8fGVufDB8fHx8&auto=format&fit=crop&w=774&q=80',8),(50,'Playa5','https://images.unsplash.com/photo-1577372970039-2ac351969c87?ixlib=rb-1.2.1&ixid=MnwxMjA3fDB8MHxwaG90by1wYWdlfHx8fGVufDB8fHx8&auto=format&fit=crop&w=870&q=80',8),(51,'Depto1','https://images.unsplash.com/photo-1502672260266-1c1ef2d93688?ixlib=rb-1.2.1&ixid=MnwxMjA3fDB8MHxwaG90by1wYWdlfHx8fGVufDB8fHx8&auto=format&fit=crop&w=780&q=80',11),(52,'Depto2','https://images.unsplash.com/photo-1502672023488-70e25813eb80?ixlib=rb-1.2.1&ixid=MnwxMjA3fDB8MHxwaG90by1wYWdlfHx8fGVufDB8fHx8&auto=format&fit=crop&w=764&q=80',11),(53,'Depto3','https://images.unsplash.com/photo-1610527003928-47afd5f470c6?ixlib=rb-1.2.1&ixid=MnwxMjA3fDB8MHxwaG90by1wYWdlfHx8fGVufDB8fHx8&auto=format&fit=crop&w=872&q=80',11),(54,'Depto4','https://images.unsplash.com/photo-1549638441-b787d2e11f14?ixlib=rb-1.2.1&ixid=MnwxMjA3fDB8MHxwaG90by1wYWdlfHx8fGVufDB8fHx8&auto=format&fit=crop&w=870&q=80',11),(55,'Depto5','https://images.unsplash.com/photo-1580041065738-e72023775cdc?ixlib=rb-1.2.1&ixid=MnwxMjA3fDB8MHxwaG90by1wYWdlfHx8fGVufDB8fHx8&auto=format&fit=crop&w=870&q=80',11),(56,'Depto1','https://images.unsplash.com/photo-1502672023488-70e25813eb80?ixlib=rb-1.2.1&ixid=MnwxMjA3fDB8MHxwaG90by1wYWdlfHx8fGVufDB8fHx8&auto=format&fit=crop&w=764&q=80',12),(57,'Depto2','https://images.unsplash.com/photo-1502672023488-70e25813eb80?ixlib=rb-1.2.1&ixid=MnwxMjA3fDB8MHxwaG90by1wYWdlfHx8fGVufDB8fHx8&auto=format&fit=crop&w=764&q=80',12),(58,'Depto3','https://images.unsplash.com/photo-1502672023488-70e25813eb80?ixlib=rb-1.2.1&ixid=MnwxMjA3fDB8MHxwaG90by1wYWdlfHx8fGVufDB8fHx8&auto=format&fit=crop&w=764&q=80',12),(59,'Depto4','https://images.unsplash.com/photo-1502672260266-1c1ef2d93688?ixlib=rb-1.2.1&ixid=MnwxMjA3fDB8MHxwaG90by1wYWdlfHx8fGVufDB8fHx8&auto=format&fit=crop&w=780&q=80',12),(60,'Depto5','https://images.unsplash.com/photo-1610527003928-47afd5f470c6?ixlib=rb-1.2.1&ixid=MnwxMjA3fDB8MHxwaG90by1wYWdlfHx8fGVufDB8fHx8&auto=format&fit=crop&w=872&q=80',12),(61,'Cabaña1','https://images.unsplash.com/photo-1631630259742-c0f0b17c6c10?ixlib=rb-1.2.1&ixid=MnwxMjA3fDB8MHxwaG90by1wYWdlfHx8fGVufDB8fHx8&auto=format&fit=crop&w=870&q=80',13),(63,'Cabaña3','https://images.unsplash.com/photo-1631756964162-25c8c07579b5?ixlib=rb-1.2.1&ixid=MnwxMjA3fDB8MHxwaG90by1wYWdlfHx8fGVufDB8fHx8&auto=format&fit=crop&w=870&q=80',13),(64,'Cabaña4','https://images.unsplash.com/photo-1568659585069-facb248c4935?ixlib=rb-1.2.1&ixid=MnwxMjA3fDB8MHxwaG90by1wYWdlfHx8fGVufDB8fHx8&auto=format&fit=crop&w=870&q=80',13),(65,'Cabaña5','https://images.unsplash.com/photo-1539298781177-895e382e795c?ixlib=rb-1.2.1&ixid=MnwxMjA3fDB8MHxwaG90by1wYWdlfHx8fGVufDB8fHx8&auto=format&fit=crop&w=870&q=80',13),(66,'Cabaña1','https://images.unsplash.com/photo-1631630259742-c0f0b17c6c10?ixlib=rb-1.2.1&ixid=MnwxMjA3fDB8MHxwaG90by1wYWdlfHx8fGVufDB8fHx8&auto=format&fit=crop&w=870&q=80',14),(67,'Cabaña2','https://images.unsplash.com/photo-1554332208-9dfebcc48334?ixlib=rb-1.2.1&ixid=MnwxMjA3fDB8MHxwaG90by1wYWdlfHx8fGVufDB8fHx8&auto=format&fit=crop&w=869&q=80',14),(68,'Cabaña3','https://images.unsplash.com/photo-1631756964162-25c8c07579b5?ixlib=rb-1.2.1&ixid=MnwxMjA3fDB8MHxwaG90by1wYWdlfHx8fGVufDB8fHx8&auto=format&fit=crop&w=870&q=80',14),(69,'Cabaña4','https://images.unsplash.com/photo-1568659585069-facb248c4935?ixlib=rb-1.2.1&ixid=MnwxMjA3fDB8MHxwaG90by1wYWdlfHx8fGVufDB8fHx8&auto=format&fit=crop&w=870&q=80',14),(70,'Cabaña5','https://images.unsplash.com/photo-1539298781177-895e382e795c?ixlib=rb-1.2.1&ixid=MnwxMjA3fDB8MHxwaG90by1wYWdlfHx8fGVufDB8fHx8&auto=format&fit=crop&w=870&q=80',14),(71,'Casa6','https://images.unsplash.com/photo-1599427303058-f04cbcf4756f?ixlib=rb-1.2.1&ixid=MnwxMjA3fDB8MHxwaG90by1wYWdlfHx8fGVufDB8fHx8&auto=format&fit=crop&w=871&q=80',1),(72,'Casa7','https://images.unsplash.com/photo-1501876725168-00c445821c9e?ixlib=rb-1.2.1&ixid=MnwxMjA3fDB8MHxwaG90by1wYWdlfHx8fGVufDB8fHx8&auto=format&fit=crop&w=870&q=80',1),(73,'Casa8','https://images.unsplash.com/photo-1507089947368-19c1da9775ae?ixlib=rb-1.2.1&ixid=MnwxMjA3fDB8MHxwaG90by1wYWdlfHx8fGVufDB8fHx8&auto=format&fit=crop&w=876&q=80',1),(74,'Depto6','https://images.unsplash.com/photo-1502672260266-1c1ef2d93688?ixlib=rb-1.2.1&ixid=MnwxMjA3fDB8MHxwaG90by1wYWdlfHx8fGVufDB8fHx8&auto=format&fit=crop&w=780&q=80',3),(75,'Depto7','https://images.unsplash.com/photo-1502672023488-70e25813eb80?ixlib=rb-1.2.1&ixid=MnwxMjA3fDB8MHxwaG90by1wYWdlfHx8fGVufDB8fHx8&auto=format&fit=crop&w=764&q=80',3),(76,'Depto8','https://images.unsplash.com/photo-1610527003928-47afd5f470c6?ixlib=rb-1.2.1&ixid=MnwxMjA3fDB8MHxwaG90by1wYWdlfHx8fGVufDB8fHx8&auto=format&fit=crop&w=872&q=80',3),(77,'Playa6','https://images.unsplash.com/photo-1605549339992-83721992836e?ixlib=rb-1.2.1&ixid=MnwxMjA3fDB8MHxwaG90by1wYWdlfHx8fGVufDB8fHx8&auto=format&fit=crop&w=887&q=80',16),(78,'Playa7','https://images.unsplash.com/photo-1613553474179-e1eda3ea5734?ixlib=rb-1.2.1&ixid=MnwxMjA3fDB8MHxwaG90by1wYWdlfHx8fGVufDB8fHx8&auto=format&fit=crop&w=870&q=80',16),(79,'Playa8','https://images.unsplash.com/photo-1620221730414-5e976c63c2da?ixlib=rb-1.2.1&ixid=MnwxMjA3fDB8MHxwaG90by1wYWdlfHx8fGVufDB8fHx8&auto=format&fit=crop&w=870&q=80',16),(80,'Depto6','https://images.unsplash.com/photo-1580041065738-e72023775cdc?ixlib=rb-1.2.1&ixid=MnwxMjA3fDB8MHxwaG90by1wYWdlfHx8fGVufDB8fHx8&auto=format&fit=crop&w=870&q=80',4),(81,'Depto7','https://images.unsplash.com/photo-1549638441-b787d2e11f14?ixlib=rb-1.2.1&ixid=MnwxMjA3fDB8MHxwaG90by1wYWdlfHx8fGVufDB8fHx8&auto=format&fit=crop&w=870&q=80',4),(82,'Depto8','https://images.unsplash.com/photo-1610527003928-47afd5f470c6?ixlib=rb-1.2.1&ixid=MnwxMjA3fDB8MHxwaG90by1wYWdlfHx8fGVufDB8fHx8&auto=format&fit=crop&w=872&q=80',4),(83,'Cabaña6','https://images.unsplash.com/photo-1631756964162-25c8c07579b5?ixlib=rb-1.2.1&ixid=MnwxMjA3fDB8MHxwaG90by1wYWdlfHx8fGVufDB8fHx8&auto=format&fit=crop&w=870&q=80',5),(84,'Cabaña7','https://images.unsplash.com/photo-1539298781177-895e382e795c?ixlib=rb-1.2.1&ixid=MnwxMjA3fDB8MHxwaG90by1wYWdlfHx8fGVufDB8fHx8&auto=format&fit=crop&w=870&q=80',5),(85,'Cabaña8','https://images.unsplash.com/photo-1539298781177-895e382e795c?ixlib=rb-1.2.1&ixid=MnwxMjA3fDB8MHxwaG90by1wYWdlfHx8fGVufDB8fHx8&auto=format&fit=crop&w=870&q=80',5),(86,'Cabaña6','https://images.unsplash.com/photo-1631756964162-25c8c07579b5?ixlib=rb-1.2.1&ixid=MnwxMjA3fDB8MHxwaG90by1wYWdlfHx8fGVufDB8fHx8&auto=format&fit=crop&w=870&q=80',6),(87,'Cabaña7','https://images.unsplash.com/photo-1554332208-9dfebcc48334?ixlib=rb-1.2.1&ixid=MnwxMjA3fDB8MHxwaG90by1wYWdlfHx8fGVufDB8fHx8&auto=format&fit=crop&w=869&q=80',6),(88,'Cabaña8','https://images.unsplash.com/photo-1568659585069-facb248c4935?ixlib=rb-1.2.1&ixid=MnwxMjA3fDB8MHxwaG90by1wYWdlfHx8fGVufDB8fHx8&auto=format&fit=crop&w=870&q=80',6),(89,'Playa6','https://images.unsplash.com/photo-1623867483196-59106249d45e?ixlib=rb-1.2.1&ixid=MnwxMjA3fDB8MHxwaG90by1wYWdlfHx8fGVufDB8fHx8&auto=format&fit=crop&w=774&q=80',7),(90,'Playa7','https://images.unsplash.com/photo-1620221730414-5e976c63c2da?ixlib=rb-1.2.1&ixid=MnwxMjA3fDB8MHxwaG90by1wYWdlfHx8fGVufDB8fHx8&auto=format&fit=crop&w=870&q=80',7),(91,'Playa8','https://images.unsplash.com/photo-1613553474179-e1eda3ea5734?ixlib=rb-1.2.1&ixid=MnwxMjA3fDB8MHxwaG90by1wYWdlfHx8fGVufDB8fHx8&auto=format&fit=crop&w=870&q=80',7),(92,'Playa6','https://images.unsplash.com/photo-1577372970039-2ac351969c87?ixlib=rb-1.2.1&ixid=MnwxMjA3fDB8MHxwaG90by1wYWdlfHx8fGVufDB8fHx8&auto=format&fit=crop&w=870&q=80',8),(93,'Playa7','https://images.unsplash.com/photo-1613553474179-e1eda3ea5734?ixlib=rb-1.2.1&ixid=MnwxMjA3fDB8MHxwaG90by1wYWdlfHx8fGVufDB8fHx8&auto=format&fit=crop&w=870&q=80',8),(94,'Playa8','https://images.unsplash.com/photo-1577372970039-2ac351969c87?ixlib=rb-1.2.1&ixid=MnwxMjA3fDB8MHxwaG90by1wYWdlfHx8fGVufDB8fHx8&auto=format&fit=crop&w=870&q=80',8),(95,'Casa6','https://images.unsplash.com/photo-1507089947368-19c1da9775ae?ixlib=rb-1.2.1&ixid=MnwxMjA3fDB8MHxwaG90by1wYWdlfHx8fGVufDB8fHx8&auto=format&fit=crop&w=876&q=80',9),(96,'Casa7','https://images.unsplash.com/photo-1574643156929-51fa098b0394?ixlib=rb-1.2.1&ixid=MnwxMjA3fDB8MHxwaG90by1wYWdlfHx8fGVufDB8fHx8&auto=format&fit=crop&w=870&q=80',9),(97,'Casa8','https://images.unsplash.com/photo-1604769319166-010643ace337?ixlib=rb-1.2.1&ixid=MnwxMjA3fDB8MHxwaG90by1wYWdlfHx8fGVufDB8fHx8&auto=format&fit=crop&w=871&q=80',9),(98,'Casa6','https://images.unsplash.com/photo-1507089947368-19c1da9775ae?ixlib=rb-1.2.1&ixid=MnwxMjA3fDB8MHxwaG90by1wYWdlfHx8fGVufDB8fHx8&auto=format&fit=crop&w=876&q=80',10),(99,'Casa7','https://images.unsplash.com/photo-1507089947368-19c1da9775ae?ixlib=rb-1.2.1&ixid=MnwxMjA3fDB8MHxwaG90by1wYWdlfHx8fGVufDB8fHx8&auto=format&fit=crop&w=876&q=80',10),(100,'Casa8','https://images.unsplash.com/photo-1501876725168-00c445821c9e?ixlib=rb-1.2.1&ixid=MnwxMjA3fDB8MHxwaG90by1wYWdlfHx8fGVufDB8fHx8&auto=format&fit=crop&w=870&q=80',10),(101,'Depto6','https://images.unsplash.com/photo-1502672023488-70e25813eb80?ixlib=rb-1.2.1&ixid=MnwxMjA3fDB8MHxwaG90by1wYWdlfHx8fGVufDB8fHx8&auto=format&fit=crop&w=764&q=80',11),(102,'Depto7','https://images.unsplash.com/photo-1610527003928-47afd5f470c6?ixlib=rb-1.2.1&ixid=MnwxMjA3fDB8MHxwaG90by1wYWdlfHx8fGVufDB8fHx8&auto=format&fit=crop&w=872&q=80',11),(103,'Depto8','https://images.unsplash.com/photo-1502672023488-70e25813eb80?ixlib=rb-1.2.1&ixid=MnwxMjA3fDB8MHxwaG90by1wYWdlfHx8fGVufDB8fHx8&auto=format&fit=crop&w=764&q=80',11),(104,'Depto6','https://images.unsplash.com/photo-1610527003928-47afd5f470c6?ixlib=rb-1.2.1&ixid=MnwxMjA3fDB8MHxwaG90by1wYWdlfHx8fGVufDB8fHx8&auto=format&fit=crop&w=872&q=80',12),(105,'Depto7','https://images.unsplash.com/photo-1610527003928-47afd5f470c6?ixlib=rb-1.2.1&ixid=MnwxMjA3fDB8MHxwaG90by1wYWdlfHx8fGVufDB8fHx8&auto=format&fit=crop&w=872&q=80',12),(106,'Depto8','https://images.unsplash.com/photo-1502672023488-70e25813eb80?ixlib=rb-1.2.1&ixid=MnwxMjA3fDB8MHxwaG90by1wYWdlfHx8fGVufDB8fHx8&auto=format&fit=crop&w=764&q=80',12),(107,'Cabaña6','https://images.unsplash.com/photo-1631756964162-25c8c07579b5?ixlib=rb-1.2.1&ixid=MnwxMjA3fDB8MHxwaG90by1wYWdlfHx8fGVufDB8fHx8&auto=format&fit=crop&w=870&q=80',13),(108,'Cabaña7','https://images.unsplash.com/photo-1568659585069-facb248c4935?ixlib=rb-1.2.1&ixid=MnwxMjA3fDB8MHxwaG90by1wYWdlfHx8fGVufDB8fHx8&auto=format&fit=crop&w=870&q=80',13),(109,'Cabaña8','https://images.unsplash.com/photo-1539298781177-895e382e795c?ixlib=rb-1.2.1&ixid=MnwxMjA3fDB8MHxwaG90by1wYWdlfHx8fGVufDB8fHx8&auto=format&fit=crop&w=870&q=80',13),(110,'Cabaña6','https://images.unsplash.com/photo-1568659585069-facb248c4935?ixlib=rb-1.2.1&ixid=MnwxMjA3fDB8MHxwaG90by1wYWdlfHx8fGVufDB8fHx8&auto=format&fit=crop&w=870&q=80',14),(111,'Cabaña7','https://images.unsplash.com/photo-1539298781177-895e382e795c?ixlib=rb-1.2.1&ixid=MnwxMjA3fDB8MHxwaG90by1wYWdlfHx8fGVufDB8fHx8&auto=format&fit=crop&w=870&q=80',14),(112,'Cabaña8','https://images.unsplash.com/photo-1568659585069-facb248c4935?ixlib=rb-1.2.1&ixid=MnwxMjA3fDB8MHxwaG90by1wYWdlfHx8fGVufDB8fHx8&auto=format&fit=crop&w=870&q=80',14),(113,'Playa1','https://images.unsplash.com/photo-1620221730414-5e976c63c2da?ixlib=rb-1.2.1&ixid=MnwxMjA3fDB8MHxwaG90by1wYWdlfHx8fGVufDB8fHx8&auto=format&fit=crop&w=870&q=80',15),(114,'Playa2','https://images.unsplash.com/photo-1605549339992-83721992836e?ixlib=rb-1.2.1&ixid=MnwxMjA3fDB8MHxwaG90by1wYWdlfHx8fGVufDB8fHx8&auto=format&fit=crop&w=887&q=80',15),(115,'Playa3','https://images.unsplash.com/photo-1623867483196-59106249d45e?ixlib=rb-1.2.1&ixid=MnwxMjA3fDB8MHxwaG90by1wYWdlfHx8fGVufDB8fHx8&auto=format&fit=crop&w=774&q=80',15),(116,'Playa4','https://images.unsplash.com/photo-1613553474179-e1eda3ea5734?ixlib=rb-1.2.1&ixid=MnwxMjA3fDB8MHxwaG90by1wYWdlfHx8fGVufDB8fHx8&auto=format&fit=crop&w=870&q=80',15),(117,'Playa5','https://images.unsplash.com/photo-1605549339992-83721992836e?ixlib=rb-1.2.1&ixid=MnwxMjA3fDB8MHxwaG90by1wYWdlfHx8fGVufDB8fHx8&auto=format&fit=crop&w=887&q=80',15),(118,'Playa6','https://images.unsplash.com/photo-1620221730414-5e976c63c2da?ixlib=rb-1.2.1&ixid=MnwxMjA3fDB8MHxwaG90by1wYWdlfHx8fGVufDB8fHx8&auto=format&fit=crop&w=870&q=80',15),(119,'Playa7','https://images.unsplash.com/photo-1613553474179-e1eda3ea5734?ixlib=rb-1.2.1&ixid=MnwxMjA3fDB8MHxwaG90by1wYWdlfHx8fGVufDB8fHx8&auto=format&fit=crop&w=870&q=80',15),(120,'Playa8','https://images.unsplash.com/photo-1613553474179-e1eda3ea5734?ixlib=rb-1.2.1&ixid=MnwxMjA3fDB8MHxwaG90by1wYWdlfHx8fGVufDB8fHx8&auto=format&fit=crop&w=870&q=80',15),(121,'Playa1','https://images.unsplash.com/photo-1623867483196-59106249d45e?ixlib=rb-1.2.1&ixid=MnwxMjA3fDB8MHxwaG90by1wYWdlfHx8fGVufDB8fHx8&auto=format&fit=crop&w=774&q=80',17),(122,'Playa2','https://images.unsplash.com/photo-1623867483196-59106249d45e?ixlib=rb-1.2.1&ixid=MnwxMjA3fDB8MHxwaG90by1wYWdlfHx8fGVufDB8fHx8&auto=format&fit=crop&w=774&q=80',17),(123,'Playa3','https://images.unsplash.com/photo-1605549339992-83721992836e?ixlib=rb-1.2.1&ixid=MnwxMjA3fDB8MHxwaG90by1wYWdlfHx8fGVufDB8fHx8&auto=format&fit=crop&w=887&q=80',17),(124,'Playa4','https://images.unsplash.com/photo-1620221730414-5e976c63c2da?ixlib=rb-1.2.1&ixid=MnwxMjA3fDB8MHxwaG90by1wYWdlfHx8fGVufDB8fHx8&auto=format&fit=crop&w=870&q=80',17),(125,'Playa5','https://images.unsplash.com/photo-1577372970039-2ac351969c87?ixlib=rb-1.2.1&ixid=MnwxMjA3fDB8MHxwaG90by1wYWdlfHx8fGVufDB8fHx8&auto=format&fit=crop&w=870&q=80',17),(126,'Playa6','https://images.unsplash.com/photo-1620221730414-5e976c63c2da?ixlib=rb-1.2.1&ixid=MnwxMjA3fDB8MHxwaG90by1wYWdlfHx8fGVufDB8fHx8&auto=format&fit=crop&w=870&q=80',17),(127,'Playa7','https://images.unsplash.com/photo-1620221730414-5e976c63c2da?ixlib=rb-1.2.1&ixid=MnwxMjA3fDB8MHxwaG90by1wYWdlfHx8fGVufDB8fHx8&auto=format&fit=crop&w=870&q=80',17),(128,'Playa8','https://images.unsplash.com/photo-1620221730414-5e976c63c2da?ixlib=rb-1.2.1&ixid=MnwxMjA3fDB8MHxwaG90by1wYWdlfHx8fGVufDB8fHx8&auto=format&fit=crop&w=870&q=80',17),(129,'Playa1','https://images.unsplash.com/photo-1577372970039-2ac351969c87?ixlib=rb-1.2.1&ixid=MnwxMjA3fDB8MHxwaG90by1wYWdlfHx8fGVufDB8fHx8&auto=format&fit=crop&w=870&q=80',18),(130,'Playa2','https://images.unsplash.com/photo-1620221730414-5e976c63c2da?ixlib=rb-1.2.1&ixid=MnwxMjA3fDB8MHxwaG90by1wYWdlfHx8fGVufDB8fHx8&auto=format&fit=crop&w=870&q=80',18),(131,'Playa3','https://images.unsplash.com/photo-1605549339992-83721992836e?ixlib=rb-1.2.1&ixid=MnwxMjA3fDB8MHxwaG90by1wYWdlfHx8fGVufDB8fHx8&auto=format&fit=crop&w=887&q=80',18),(132,'Playa4','https://images.unsplash.com/photo-1623867483196-59106249d45e?ixlib=rb-1.2.1&ixid=MnwxMjA3fDB8MHxwaG90by1wYWdlfHx8fGVufDB8fHx8&auto=format&fit=crop&w=774&q=80',18),(133,'Playa5','https://images.unsplash.com/photo-1613553474179-e1eda3ea5734?ixlib=rb-1.2.1&ixid=MnwxMjA3fDB8MHxwaG90by1wYWdlfHx8fGVufDB8fHx8&auto=format&fit=crop&w=870&q=80',18),(134,'Playa6','https://images.unsplash.com/photo-1620221730414-5e976c63c2da?ixlib=rb-1.2.1&ixid=MnwxMjA3fDB8MHxwaG90by1wYWdlfHx8fGVufDB8fHx8&auto=format&fit=crop&w=870&q=80',18),(135,'Playa7','https://images.unsplash.com/photo-1605549339992-83721992836e?ixlib=rb-1.2.1&ixid=MnwxMjA3fDB8MHxwaG90by1wYWdlfHx8fGVufDB8fHx8&auto=format&fit=crop&w=887&q=80',18),(136,'Playa8','https://images.unsplash.com/photo-1613553474179-e1eda3ea5734?ixlib=rb-1.2.1&ixid=MnwxMjA3fDB8MHxwaG90by1wYWdlfHx8fGVufDB8fHx8&auto=format&fit=crop&w=870&q=80',18),(137,'Playa1','https://images.unsplash.com/photo-1613553474179-e1eda3ea5734?ixlib=rb-1.2.1&ixid=MnwxMjA3fDB8MHxwaG90by1wYWdlfHx8fGVufDB8fHx8&auto=format&fit=crop&w=870&q=80',19),(138,'Playa2','https://images.unsplash.com/photo-1605549339992-83721992836e?ixlib=rb-1.2.1&ixid=MnwxMjA3fDB8MHxwaG90by1wYWdlfHx8fGVufDB8fHx8&auto=format&fit=crop&w=887&q=80',19),(139,'Playa3','https://images.unsplash.com/photo-1577372970039-2ac351969c87?ixlib=rb-1.2.1&ixid=MnwxMjA3fDB8MHxwaG90by1wYWdlfHx8fGVufDB8fHx8&auto=format&fit=crop&w=870&q=80',19),(140,'Playa4','https://images.unsplash.com/photo-1620221730414-5e976c63c2da?ixlib=rb-1.2.1&ixid=MnwxMjA3fDB8MHxwaG90by1wYWdlfHx8fGVufDB8fHx8&auto=format&fit=crop&w=870&q=80',19),(141,'Playa5','https://images.unsplash.com/photo-1577372970039-2ac351969c87?ixlib=rb-1.2.1&ixid=MnwxMjA3fDB8MHxwaG90by1wYWdlfHx8fGVufDB8fHx8&auto=format&fit=crop&w=870&q=80',19),(142,'Playa6','https://images.unsplash.com/photo-1623867483196-59106249d45e?ixlib=rb-1.2.1&ixid=MnwxMjA3fDB8MHxwaG90by1wYWdlfHx8fGVufDB8fHx8&auto=format&fit=crop&w=774&q=80',19),(143,'Playa7','https://images.unsplash.com/photo-1605549339992-83721992836e?ixlib=rb-1.2.1&ixid=MnwxMjA3fDB8MHxwaG90by1wYWdlfHx8fGVufDB8fHx8&auto=format&fit=crop&w=887&q=80',19),(144,'Playa8','https://images.unsplash.com/photo-1623867483196-59106249d45e?ixlib=rb-1.2.1&ixid=MnwxMjA3fDB8MHxwaG90by1wYWdlfHx8fGVufDB8fHx8&auto=format&fit=crop&w=774&q=80',19),(145,'Playa1','https://images.unsplash.com/photo-1605549339992-83721992836e?ixlib=rb-1.2.1&ixid=MnwxMjA3fDB8MHxwaG90by1wYWdlfHx8fGVufDB8fHx8&auto=format&fit=crop&w=887&q=80',20),(146,'Playa2','https://images.unsplash.com/photo-1605549339992-83721992836e?ixlib=rb-1.2.1&ixid=MnwxMjA3fDB8MHxwaG90by1wYWdlfHx8fGVufDB8fHx8&auto=format&fit=crop&w=887&q=80',20),(147,'Playa3','https://images.unsplash.com/photo-1623867483196-59106249d45e?ixlib=rb-1.2.1&ixid=MnwxMjA3fDB8MHxwaG90by1wYWdlfHx8fGVufDB8fHx8&auto=format&fit=crop&w=774&q=80',20),(148,'Playa4','https://images.unsplash.com/photo-1605549339992-83721992836e?ixlib=rb-1.2.1&ixid=MnwxMjA3fDB8MHxwaG90by1wYWdlfHx8fGVufDB8fHx8&auto=format&fit=crop&w=887&q=80',20),(149,'Playa5','https://images.unsplash.com/photo-1613553474179-e1eda3ea5734?ixlib=rb-1.2.1&ixid=MnwxMjA3fDB8MHxwaG90by1wYWdlfHx8fGVufDB8fHx8&auto=format&fit=crop&w=870&q=80',20),(150,'Playa6','https://images.unsplash.com/photo-1613553474179-e1eda3ea5734?ixlib=rb-1.2.1&ixid=MnwxMjA3fDB8MHxwaG90by1wYWdlfHx8fGVufDB8fHx8&auto=format&fit=crop&w=870&q=80',20),(151,'Playa7','https://images.unsplash.com/photo-1605549339992-83721992836e?ixlib=rb-1.2.1&ixid=MnwxMjA3fDB8MHxwaG90by1wYWdlfHx8fGVufDB8fHx8&auto=format&fit=crop&w=887&q=80',20),(152,'Playa8','https://images.unsplash.com/photo-1605549339992-83721992836e?ixlib=rb-1.2.1&ixid=MnwxMjA3fDB8MHxwaG90by1wYWdlfHx8fGVufDB8fHx8&auto=format&fit=crop&w=887&q=80',20),(153,'Casa1','https://images.unsplash.com/photo-1507089947368-19c1da9775ae?ixlib=rb-1.2.1&ixid=MnwxMjA3fDB8MHxwaG90by1wYWdlfHx8fGVufDB8fHx8&auto=format&fit=crop&w=876&q=80',21),(154,'Casa2','https://images.unsplash.com/photo-1501876725168-00c445821c9e?ixlib=rb-1.2.1&ixid=MnwxMjA3fDB8MHxwaG90by1wYWdlfHx8fGVufDB8fHx8&auto=format&fit=crop&w=870&q=80',21),(155,'Casa3','https://images.unsplash.com/photo-1599427303058-f04cbcf4756f?ixlib=rb-1.2.1&ixid=MnwxMjA3fDB8MHxwaG90by1wYWdlfHx8fGVufDB8fHx8&auto=format&fit=crop&w=871&q=80',21),(156,'Casa4','https://images.unsplash.com/photo-1507089947368-19c1da9775ae?ixlib=rb-1.2.1&ixid=MnwxMjA3fDB8MHxwaG90by1wYWdlfHx8fGVufDB8fHx8&auto=format&fit=crop&w=876&q=80',21),(157,'Casa5','https://images.unsplash.com/photo-1501876725168-00c445821c9e?ixlib=rb-1.2.1&ixid=MnwxMjA3fDB8MHxwaG90by1wYWdlfHx8fGVufDB8fHx8&auto=format&fit=crop&w=870&q=80',21),(158,'Casa6','https://images.unsplash.com/photo-1507089947368-19c1da9775ae?ixlib=rb-1.2.1&ixid=MnwxMjA3fDB8MHxwaG90by1wYWdlfHx8fGVufDB8fHx8&auto=format&fit=crop&w=876&q=80',21),(159,'Casa7','https://images.unsplash.com/photo-1501876725168-00c445821c9e?ixlib=rb-1.2.1&ixid=MnwxMjA3fDB8MHxwaG90by1wYWdlfHx8fGVufDB8fHx8&auto=format&fit=crop&w=870&q=80',21),(160,'Casa8','https://images.unsplash.com/photo-1501876725168-00c445821c9e?ixlib=rb-1.2.1&ixid=MnwxMjA3fDB8MHxwaG90by1wYWdlfHx8fGVufDB8fHx8&auto=format&fit=crop&w=870&q=80',21),(161,'Casa1','https://images.unsplash.com/photo-1507089947368-19c1da9775ae?ixlib=rb-1.2.1&ixid=MnwxMjA3fDB8MHxwaG90by1wYWdlfHx8fGVufDB8fHx8&auto=format&fit=crop&w=876&q=80',22),(162,'Casa2','https://images.unsplash.com/photo-1507089947368-19c1da9775ae?ixlib=rb-1.2.1&ixid=MnwxMjA3fDB8MHxwaG90by1wYWdlfHx8fGVufDB8fHx8&auto=format&fit=crop&w=876&q=80',22),(163,'Casa3','https://images.unsplash.com/photo-1574643156929-51fa098b0394?ixlib=rb-1.2.1&ixid=MnwxMjA3fDB8MHxwaG90by1wYWdlfHx8fGVufDB8fHx8&auto=format&fit=crop&w=870&q=80',22),(164,'Casa4','https://images.unsplash.com/photo-1501876725168-00c445821c9e?ixlib=rb-1.2.1&ixid=MnwxMjA3fDB8MHxwaG90by1wYWdlfHx8fGVufDB8fHx8&auto=format&fit=crop&w=870&q=80',22),(165,'Casa5','https://images.unsplash.com/photo-1507089947368-19c1da9775ae?ixlib=rb-1.2.1&ixid=MnwxMjA3fDB8MHxwaG90by1wYWdlfHx8fGVufDB8fHx8&auto=format&fit=crop&w=876&q=80',22),(166,'Casa6','https://images.unsplash.com/photo-1604769319166-010643ace337?ixlib=rb-1.2.1&ixid=MnwxMjA3fDB8MHxwaG90by1wYWdlfHx8fGVufDB8fHx8&auto=format&fit=crop&w=871&q=80',22),(167,'Casa7','https://images.unsplash.com/photo-1501876725168-00c445821c9e?ixlib=rb-1.2.1&ixid=MnwxMjA3fDB8MHxwaG90by1wYWdlfHx8fGVufDB8fHx8&auto=format&fit=crop&w=870&q=80',22),(168,'Casa8','https://images.unsplash.com/photo-1574643156929-51fa098b0394?ixlib=rb-1.2.1&ixid=MnwxMjA3fDB8MHxwaG90by1wYWdlfHx8fGVufDB8fHx8&auto=format&fit=crop&w=870&q=80',22),(169,'Casa1','https://images.unsplash.com/photo-1501876725168-00c445821c9e?ixlib=rb-1.2.1&ixid=MnwxMjA3fDB8MHxwaG90by1wYWdlfHx8fGVufDB8fHx8&auto=format&fit=crop&w=870&q=80',23),(170,'Casa2','https://images.unsplash.com/photo-1507089947368-19c1da9775ae?ixlib=rb-1.2.1&ixid=MnwxMjA3fDB8MHxwaG90by1wYWdlfHx8fGVufDB8fHx8&auto=format&fit=crop&w=876&q=80',23),(171,'Casa3','https://images.unsplash.com/photo-1507089947368-19c1da9775ae?ixlib=rb-1.2.1&ixid=MnwxMjA3fDB8MHxwaG90by1wYWdlfHx8fGVufDB8fHx8&auto=format&fit=crop&w=876&q=80',23),(172,'Casa4','https://images.unsplash.com/photo-1507089947368-19c1da9775ae?ixlib=rb-1.2.1&ixid=MnwxMjA3fDB8MHxwaG90by1wYWdlfHx8fGVufDB8fHx8&auto=format&fit=crop&w=876&q=80',23),(173,'Casa5','https://images.unsplash.com/photo-1599427303058-f04cbcf4756f?ixlib=rb-1.2.1&ixid=MnwxMjA3fDB8MHxwaG90by1wYWdlfHx8fGVufDB8fHx8&auto=format&fit=crop&w=871&q=80',23),(174,'Casa6','https://images.unsplash.com/photo-1501876725168-00c445821c9e?ixlib=rb-1.2.1&ixid=MnwxMjA3fDB8MHxwaG90by1wYWdlfHx8fGVufDB8fHx8&auto=format&fit=crop&w=870&q=80',23),(175,'Casa7','https://images.unsplash.com/photo-1507089947368-19c1da9775ae?ixlib=rb-1.2.1&ixid=MnwxMjA3fDB8MHxwaG90by1wYWdlfHx8fGVufDB8fHx8&auto=format&fit=crop&w=876&q=80',23),(176,'Casa8','https://images.unsplash.com/photo-1507089947368-19c1da9775ae?ixlib=rb-1.2.1&ixid=MnwxMjA3fDB8MHxwaG90by1wYWdlfHx8fGVufDB8fHx8&auto=format&fit=crop&w=876&q=80',23),(177,'Casa1','https://images.unsplash.com/photo-1501876725168-00c445821c9e?ixlib=rb-1.2.1&ixid=MnwxMjA3fDB8MHxwaG90by1wYWdlfHx8fGVufDB8fHx8&auto=format&fit=crop&w=870&q=80',24),(178,'Casa2','https://images.unsplash.com/photo-1501876725168-00c445821c9e?ixlib=rb-1.2.1&ixid=MnwxMjA3fDB8MHxwaG90by1wYWdlfHx8fGVufDB8fHx8&auto=format&fit=crop&w=870&q=80',24),(179,'Casa3','https://images.unsplash.com/photo-1501876725168-00c445821c9e?ixlib=rb-1.2.1&ixid=MnwxMjA3fDB8MHxwaG90by1wYWdlfHx8fGVufDB8fHx8&auto=format&fit=crop&w=870&q=80',24),(180,'Casa4','https://images.unsplash.com/photo-1507089947368-19c1da9775ae?ixlib=rb-1.2.1&ixid=MnwxMjA3fDB8MHxwaG90by1wYWdlfHx8fGVufDB8fHx8&auto=format&fit=crop&w=876&q=80',24),(181,'Casa5','https://images.unsplash.com/photo-1574643156929-51fa098b0394?ixlib=rb-1.2.1&ixid=MnwxMjA3fDB8MHxwaG90by1wYWdlfHx8fGVufDB8fHx8&auto=format&fit=crop&w=870&q=80',24),(182,'Casa6','https://images.unsplash.com/photo-1501876725168-00c445821c9e?ixlib=rb-1.2.1&ixid=MnwxMjA3fDB8MHxwaG90by1wYWdlfHx8fGVufDB8fHx8&auto=format&fit=crop&w=870&q=80',24),(183,'Casa7','https://images.unsplash.com/photo-1604769319166-010643ace337?ixlib=rb-1.2.1&ixid=MnwxMjA3fDB8MHxwaG90by1wYWdlfHx8fGVufDB8fHx8&auto=format&fit=crop&w=871&q=80',24),(184,'Casa8','https://images.unsplash.com/photo-1501876725168-00c445821c9e?ixlib=rb-1.2.1&ixid=MnwxMjA3fDB8MHxwaG90by1wYWdlfHx8fGVufDB8fHx8&auto=format&fit=crop&w=870&q=80',24),(185,'Depto1','https://images.unsplash.com/photo-1502672023488-70e25813eb80?ixlib=rb-1.2.1&ixid=MnwxMjA3fDB8MHxwaG90by1wYWdlfHx8fGVufDB8fHx8&auto=format&fit=crop&w=764&q=80',25),(186,'Depto2','https://images.unsplash.com/photo-1549638441-b787d2e11f14?ixlib=rb-1.2.1&ixid=MnwxMjA3fDB8MHxwaG90by1wYWdlfHx8fGVufDB8fHx8&auto=format&fit=crop&w=870&q=80',25),(187,'Depto3','https://images.unsplash.com/photo-1580041065738-e72023775cdc?ixlib=rb-1.2.1&ixid=MnwxMjA3fDB8MHxwaG90by1wYWdlfHx8fGVufDB8fHx8&auto=format&fit=crop&w=870&q=80',25),(188,'Depto4','https://images.unsplash.com/photo-1502672023488-70e25813eb80?ixlib=rb-1.2.1&ixid=MnwxMjA3fDB8MHxwaG90by1wYWdlfHx8fGVufDB8fHx8&auto=format&fit=crop&w=764&q=80',25),(189,'Depto5','https://images.unsplash.com/photo-1502672023488-70e25813eb80?ixlib=rb-1.2.1&ixid=MnwxMjA3fDB8MHxwaG90by1wYWdlfHx8fGVufDB8fHx8&auto=format&fit=crop&w=764&q=80',25),(190,'Depto6','https://images.unsplash.com/photo-1502672260266-1c1ef2d93688?ixlib=rb-1.2.1&ixid=MnwxMjA3fDB8MHxwaG90by1wYWdlfHx8fGVufDB8fHx8&auto=format&fit=crop&w=780&q=80',25),(191,'Depto7','https://images.unsplash.com/photo-1610527003928-47afd5f470c6?ixlib=rb-1.2.1&ixid=MnwxMjA3fDB8MHxwaG90by1wYWdlfHx8fGVufDB8fHx8&auto=format&fit=crop&w=872&q=80',25),(192,'Depto8','https://images.unsplash.com/photo-1610527003928-47afd5f470c6?ixlib=rb-1.2.1&ixid=MnwxMjA3fDB8MHxwaG90by1wYWdlfHx8fGVufDB8fHx8&auto=format&fit=crop&w=872&q=80',25),(193,'Depto1','https://images.unsplash.com/photo-1610527003928-47afd5f470c6?ixlib=rb-1.2.1&ixid=MnwxMjA3fDB8MHxwaG90by1wYWdlfHx8fGVufDB8fHx8&auto=format&fit=crop&w=872&q=80',26),(194,'Depto2','https://images.unsplash.com/photo-1610527003928-47afd5f470c6?ixlib=rb-1.2.1&ixid=MnwxMjA3fDB8MHxwaG90by1wYWdlfHx8fGVufDB8fHx8&auto=format&fit=crop&w=872&q=80',26),(195,'Depto3','https://images.unsplash.com/photo-1580041065738-e72023775cdc?ixlib=rb-1.2.1&ixid=MnwxMjA3fDB8MHxwaG90by1wYWdlfHx8fGVufDB8fHx8&auto=format&fit=crop&w=870&q=80',26),(196,'Depto4','https://images.unsplash.com/photo-1549638441-b787d2e11f14?ixlib=rb-1.2.1&ixid=MnwxMjA3fDB8MHxwaG90by1wYWdlfHx8fGVufDB8fHx8&auto=format&fit=crop&w=870&q=80',26),(197,'Depto5','https://images.unsplash.com/photo-1502672023488-70e25813eb80?ixlib=rb-1.2.1&ixid=MnwxMjA3fDB8MHxwaG90by1wYWdlfHx8fGVufDB8fHx8&auto=format&fit=crop&w=764&q=80',26),(198,'Depto6','https://images.unsplash.com/photo-1502672260266-1c1ef2d93688?ixlib=rb-1.2.1&ixid=MnwxMjA3fDB8MHxwaG90by1wYWdlfHx8fGVufDB8fHx8&auto=format&fit=crop&w=780&q=80',26),(199,'Depto7','https://images.unsplash.com/photo-1610527003928-47afd5f470c6?ixlib=rb-1.2.1&ixid=MnwxMjA3fDB8MHxwaG90by1wYWdlfHx8fGVufDB8fHx8&auto=format&fit=crop&w=872&q=80',26),(201,'Depto1','https://images.unsplash.com/photo-1610527003928-47afd5f470c6?ixlib=rb-1.2.1&ixid=MnwxMjA3fDB8MHxwaG90by1wYWdlfHx8fGVufDB8fHx8&auto=format&fit=crop&w=872&q=80',27),(202,'Depto2','https://images.unsplash.com/photo-1610527003928-47afd5f470c6?ixlib=rb-1.2.1&ixid=MnwxMjA3fDB8MHxwaG90by1wYWdlfHx8fGVufDB8fHx8&auto=format&fit=crop&w=872&q=80',27),(203,'Depto3','https://images.unsplash.com/photo-1610527003928-47afd5f470c6?ixlib=rb-1.2.1&ixid=MnwxMjA3fDB8MHxwaG90by1wYWdlfHx8fGVufDB8fHx8&auto=format&fit=crop&w=872&q=80',27),(204,'Depto4','https://images.unsplash.com/photo-1580041065738-e72023775cdc?ixlib=rb-1.2.1&ixid=MnwxMjA3fDB8MHxwaG90by1wYWdlfHx8fGVufDB8fHx8&auto=format&fit=crop&w=870&q=80',27),(205,'Depto5','https://images.unsplash.com/photo-1549638441-b787d2e11f14?ixlib=rb-1.2.1&ixid=MnwxMjA3fDB8MHxwaG90by1wYWdlfHx8fGVufDB8fHx8&auto=format&fit=crop&w=870&q=80',27),(206,'Depto6','https://images.unsplash.com/photo-1502672260266-1c1ef2d93688?ixlib=rb-1.2.1&ixid=MnwxMjA3fDB8MHxwaG90by1wYWdlfHx8fGVufDB8fHx8&auto=format&fit=crop&w=780&q=80',27),(207,'Depto7','https://images.unsplash.com/photo-1580041065738-e72023775cdc?ixlib=rb-1.2.1&ixid=MnwxMjA3fDB8MHxwaG90by1wYWdlfHx8fGVufDB8fHx8&auto=format&fit=crop&w=870&q=80',27),(208,'Depto8','https://images.unsplash.com/photo-1502672023488-70e25813eb80?ixlib=rb-1.2.1&ixid=MnwxMjA3fDB8MHxwaG90by1wYWdlfHx8fGVufDB8fHx8&auto=format&fit=crop&w=764&q=80',27),(209,'Depto1','https://images.unsplash.com/photo-1580041065738-e72023775cdc?ixlib=rb-1.2.1&ixid=MnwxMjA3fDB8MHxwaG90by1wYWdlfHx8fGVufDB8fHx8&auto=format&fit=crop&w=870&q=80',28),(210,'Depto2','https://images.unsplash.com/photo-1610527003928-47afd5f470c6?ixlib=rb-1.2.1&ixid=MnwxMjA3fDB8MHxwaG90by1wYWdlfHx8fGVufDB8fHx8&auto=format&fit=crop&w=872&q=80',28),(211,'Depto3','https://images.unsplash.com/photo-1580041065738-e72023775cdc?ixlib=rb-1.2.1&ixid=MnwxMjA3fDB8MHxwaG90by1wYWdlfHx8fGVufDB8fHx8&auto=format&fit=crop&w=870&q=80',28),(212,'Depto4','https://images.unsplash.com/photo-1610527003928-47afd5f470c6?ixlib=rb-1.2.1&ixid=MnwxMjA3fDB8MHxwaG90by1wYWdlfHx8fGVufDB8fHx8&auto=format&fit=crop&w=872&q=80',28),(213,'Depto5','https://images.unsplash.com/photo-1502672023488-70e25813eb80?ixlib=rb-1.2.1&ixid=MnwxMjA3fDB8MHxwaG90by1wYWdlfHx8fGVufDB8fHx8&auto=format&fit=crop&w=764&q=80',28),(214,'Depto6','https://images.unsplash.com/photo-1580041065738-e72023775cdc?ixlib=rb-1.2.1&ixid=MnwxMjA3fDB8MHxwaG90by1wYWdlfHx8fGVufDB8fHx8&auto=format&fit=crop&w=870&q=80',28),(215,'Depto7','https://images.unsplash.com/photo-1502672023488-70e25813eb80?ixlib=rb-1.2.1&ixid=MnwxMjA3fDB8MHxwaG90by1wYWdlfHx8fGVufDB8fHx8&auto=format&fit=crop&w=764&q=80',28),(216,'Depto8','https://images.unsplash.com/photo-1502672023488-70e25813eb80?ixlib=rb-1.2.1&ixid=MnwxMjA3fDB8MHxwaG90by1wYWdlfHx8fGVufDB8fHx8&auto=format&fit=crop&w=764&q=80',28),(217,'Cabaña1','https://images.unsplash.com/photo-1502672023488-70e25813eb80?ixlib=rb-1.2.1&ixid=MnwxMjA3fDB8MHxwaG90by1wYWdlfHx8fGVufDB8fHx8&auto=format&fit=crop&w=764&q=80',29),(218,'Cabaña2','https://images.unsplash.com/photo-1539298781177-895e382e795c?ixlib=rb-1.2.1&ixid=MnwxMjA3fDB8MHxwaG90by1wYWdlfHx8fGVufDB8fHx8&auto=format&fit=crop&w=870&q=80',29),(219,'Cabaña3','https://images.unsplash.com/photo-1539298781177-895e382e795c?ixlib=rb-1.2.1&ixid=MnwxMjA3fDB8MHxwaG90by1wYWdlfHx8fGVufDB8fHx8&auto=format&fit=crop&w=870&q=80',29),(220,'Cabaña4','https://images.unsplash.com/photo-1554332208-9dfebcc48334?ixlib=rb-1.2.1&ixid=MnwxMjA3fDB8MHxwaG90by1wYWdlfHx8fGVufDB8fHx8&auto=format&fit=crop&w=869&q=80',29),(221,'Cabaña5','https://images.unsplash.com/photo-1631756964162-25c8c07579b5?ixlib=rb-1.2.1&ixid=MnwxMjA3fDB8MHxwaG90by1wYWdlfHx8fGVufDB8fHx8&auto=format&fit=crop&w=870&q=80',29),(222,'Cabaña6','https://images.unsplash.com/photo-1554332208-9dfebcc48334?ixlib=rb-1.2.1&ixid=MnwxMjA3fDB8MHxwaG90by1wYWdlfHx8fGVufDB8fHx8&auto=format&fit=crop&w=869&q=80',29),(223,'Cabaña7','https://images.unsplash.com/photo-1631630259742-c0f0b17c6c10?ixlib=rb-1.2.1&ixid=MnwxMjA3fDB8MHxwaG90by1wYWdlfHx8fGVufDB8fHx8&auto=format&fit=crop&w=870&q=80',29),(224,'Cabaña8','https://images.unsplash.com/photo-1539298781177-895e382e795c?ixlib=rb-1.2.1&ixid=MnwxMjA3fDB8MHxwaG90by1wYWdlfHx8fGVufDB8fHx8&auto=format&fit=crop&w=870&q=80',29),(225,'Cabaña1','https://images.unsplash.com/photo-1631756964162-25c8c07579b5?ixlib=rb-1.2.1&ixid=MnwxMjA3fDB8MHxwaG90by1wYWdlfHx8fGVufDB8fHx8&auto=format&fit=crop&w=870&q=80',30),(226,'Cabaña2','https://images.unsplash.com/photo-1568659585069-facb248c4935?ixlib=rb-1.2.1&ixid=MnwxMjA3fDB8MHxwaG90by1wYWdlfHx8fGVufDB8fHx8&auto=format&fit=crop&w=870&q=80',30),(227,'Cabaña3','https://images.unsplash.com/photo-1568659585069-facb248c4935?ixlib=rb-1.2.1&ixid=MnwxMjA3fDB8MHxwaG90by1wYWdlfHx8fGVufDB8fHx8&auto=format&fit=crop&w=870&q=80',30),(228,'Cabaña4','https://images.unsplash.com/photo-1568659585069-facb248c4935?ixlib=rb-1.2.1&ixid=MnwxMjA3fDB8MHxwaG90by1wYWdlfHx8fGVufDB8fHx8&auto=format&fit=crop&w=870&q=80',30),(229,'Cabaña5','https://images.unsplash.com/photo-1631630259742-c0f0b17c6c10?ixlib=rb-1.2.1&ixid=MnwxMjA3fDB8MHxwaG90by1wYWdlfHx8fGVufDB8fHx8&auto=format&fit=crop&w=870&q=80',30),(230,'Cabaña6','https://images.unsplash.com/photo-1631756964162-25c8c07579b5?ixlib=rb-1.2.1&ixid=MnwxMjA3fDB8MHxwaG90by1wYWdlfHx8fGVufDB8fHx8&auto=format&fit=crop&w=870&q=80',30),(231,'Cabaña7','https://images.unsplash.com/photo-1568659585069-facb248c4935?ixlib=rb-1.2.1&ixid=MnwxMjA3fDB8MHxwaG90by1wYWdlfHx8fGVufDB8fHx8&auto=format&fit=crop&w=870&q=80',30),(232,'Cabaña8','https://images.unsplash.com/photo-1539298781177-895e382e795c?ixlib=rb-1.2.1&ixid=MnwxMjA3fDB8MHxwaG90by1wYWdlfHx8fGVufDB8fHx8&auto=format&fit=crop&w=870&q=80',30),(233,'Cabaña1','https://images.unsplash.com/photo-1568659585069-facb248c4935?ixlib=rb-1.2.1&ixid=MnwxMjA3fDB8MHxwaG90by1wYWdlfHx8fGVufDB8fHx8&auto=format&fit=crop&w=870&q=80',31),(234,'Cabaña2','https://images.unsplash.com/photo-1539298781177-895e382e795c?ixlib=rb-1.2.1&ixid=MnwxMjA3fDB8MHxwaG90by1wYWdlfHx8fGVufDB8fHx8&auto=format&fit=crop&w=870&q=80',31),(235,'Cabaña3','https://images.unsplash.com/photo-1539298781177-895e382e795c?ixlib=rb-1.2.1&ixid=MnwxMjA3fDB8MHxwaG90by1wYWdlfHx8fGVufDB8fHx8&auto=format&fit=crop&w=870&q=80',31),(236,'Cabaña4','https://images.unsplash.com/photo-1568659585069-facb248c4935?ixlib=rb-1.2.1&ixid=MnwxMjA3fDB8MHxwaG90by1wYWdlfHx8fGVufDB8fHx8&auto=format&fit=crop&w=870&q=80',31),(237,'Cabaña5','https://images.unsplash.com/photo-1631756964162-25c8c07579b5?ixlib=rb-1.2.1&ixid=MnwxMjA3fDB8MHxwaG90by1wYWdlfHx8fGVufDB8fHx8&auto=format&fit=crop&w=870&q=80',31),(238,'Cabaña6','https://images.unsplash.com/photo-1631630259742-c0f0b17c6c10?ixlib=rb-1.2.1&ixid=MnwxMjA3fDB8MHxwaG90by1wYWdlfHx8fGVufDB8fHx8&auto=format&fit=crop&w=870&q=80',31),(239,'Cabaña7','https://images.unsplash.com/photo-1568659585069-facb248c4935?ixlib=rb-1.2.1&ixid=MnwxMjA3fDB8MHxwaG90by1wYWdlfHx8fGVufDB8fHx8&auto=format&fit=crop&w=870&q=80',31),(240,'Cabaña8','https://images.unsplash.com/photo-1539298781177-895e382e795c?ixlib=rb-1.2.1&ixid=MnwxMjA3fDB8MHxwaG90by1wYWdlfHx8fGVufDB8fHx8&auto=format&fit=crop&w=870&q=80',31),(241,'Cabaña1','https://images.unsplash.com/photo-1631630259742-c0f0b17c6c10?ixlib=rb-1.2.1&ixid=MnwxMjA3fDB8MHxwaG90by1wYWdlfHx8fGVufDB8fHx8&auto=format&fit=crop&w=870&q=80',32),(242,'Cabaña2','https://images.unsplash.com/photo-1631630259742-c0f0b17c6c10?ixlib=rb-1.2.1&ixid=MnwxMjA3fDB8MHxwaG90by1wYWdlfHx8fGVufDB8fHx8&auto=format&fit=crop&w=870&q=80',32),(243,'Cabaña3','https://images.unsplash.com/photo-1502672023488-70e25813eb80?ixlib=rb-1.2.1&ixid=MnwxMjA3fDB8MHxwaG90by1wYWdlfHx8fGVufDB8fHx8&auto=format&fit=crop&w=764&q=80',32),(244,'Cabaña4','https://images.unsplash.com/photo-1568659585069-facb248c4935?ixlib=rb-1.2.1&ixid=MnwxMjA3fDB8MHxwaG90by1wYWdlfHx8fGVufDB8fHx8&auto=format&fit=crop&w=870&q=80',32),(245,'Cabaña5','https://images.unsplash.com/photo-1554332208-9dfebcc48334?ixlib=rb-1.2.1&ixid=MnwxMjA3fDB8MHxwaG90by1wYWdlfHx8fGVufDB8fHx8&auto=format&fit=crop&w=869&q=80',32),(246,'Cabaña6','https://images.unsplash.com/photo-1631630259742-c0f0b17c6c10?ixlib=rb-1.2.1&ixid=MnwxMjA3fDB8MHxwaG90by1wYWdlfHx8fGVufDB8fHx8&auto=format&fit=crop&w=870&q=80',32),(247,'Cabaña7','https://images.unsplash.com/photo-1539298781177-895e382e795c?ixlib=rb-1.2.1&ixid=MnwxMjA3fDB8MHxwaG90by1wYWdlfHx8fGVufDB8fHx8&auto=format&fit=crop&w=870&q=80',32),(248,'Cabaña8','https://images.unsplash.com/photo-1554332208-9dfebcc48334?ixlib=rb-1.2.1&ixid=MnwxMjA3fDB8MHxwaG90by1wYWdlfHx8fGVufDB8fHx8&auto=format&fit=crop&w=869&q=80',32),(249,'Casa1','https://images.unsplash.com/photo-1574643156929-51fa098b0394?ixlib=rb-1.2.1&ixid=MnwxMjA3fDB8MHxwaG90by1wYWdlfHx8fGVufDB8fHx8&auto=format&fit=crop&w=870&q=80',2),(250,'Casa2','https://images.unsplash.com/photo-1501876725168-00c445821c9e?ixlib=rb-1.2.1&ixid=MnwxMjA3fDB8MHxwaG90by1wYWdlfHx8fGVufDB8fHx8&auto=format&fit=crop&w=870&q=80',2),(251,'Casa3','https://images.unsplash.com/photo-1604769319166-010643ace337?ixlib=rb-1.2.1&ixid=MnwxMjA3fDB8MHxwaG90by1wYWdlfHx8fGVufDB8fHx8&auto=format&fit=crop&w=871&q=80',2),(252,'Casa4','https://images.unsplash.com/photo-1604769319166-010643ace337?ixlib=rb-1.2.1&ixid=MnwxMjA3fDB8MHxwaG90by1wYWdlfHx8fGVufDB8fHx8&auto=format&fit=crop&w=871&q=80',2),(253,'Casa5','https://images.unsplash.com/photo-1599427303058-f04cbcf4756f?ixlib=rb-1.2.1&ixid=MnwxMjA3fDB8MHxwaG90by1wYWdlfHx8fGVufDB8fHx8&auto=format&fit=crop&w=871&q=80',2),(254,'Casa6','https://images.unsplash.com/photo-1574643156929-51fa098b0394?ixlib=rb-1.2.1&ixid=MnwxMjA3fDB8MHxwaG90by1wYWdlfHx8fGVufDB8fHx8&auto=format&fit=crop&w=870&q=80',2),(255,'Casa7','https://images.unsplash.com/photo-1501876725168-00c445821c9e?ixlib=rb-1.2.1&ixid=MnwxMjA3fDB8MHxwaG90by1wYWdlfHx8fGVufDB8fHx8&auto=format&fit=crop&w=870&q=80',2),(268,'Cabaña en montaña','https://images.unsplash.com/photo-1634849430862-a5a3ba00a7f9?ixlib=rb-1.2.1&ixid=MnwxMjA3fDB8MHxwaG90by1wYWdlfHx8fGVufDB8fHx8&auto=format&fit=crop&w=870&q=80',1),(269,'hostal','https://images.unsplash.com/photo-1463620910506-d0458143143e?ixlib=rb-1.2.1&ixid=MnwxMjA3fDB8MHxwaG90by1wYWdlfHx8fGVufDB8fHx8&auto=format&fit=crop&w=870&q=80',3),(270,'hostal2','https://images.unsplash.com/photo-1596456139864-120856dd9f21?ixlib=rb-1.2.1&ixid=MnwxMjA3fDB8MHxwaG90by1wYWdlfHx8fGVufDB8fHx8&auto=format&fit=crop&w=387&q=80',3);
/*!40000 ALTER TABLE `imagenes` ENABLE KEYS */;
UNLOCK TABLES;

--
-- Table structure for table `politicas`
--

DROP TABLE IF EXISTS `politicas`;
/*!40101 SET @saved_cs_client     = @@character_set_client */;
/*!50503 SET character_set_client = utf8mb4 */;
CREATE TABLE `politicas` (
  `id_politica` int NOT NULL AUTO_INCREMENT,
  `titulo` varchar(255) DEFAULT NULL,
  PRIMARY KEY (`id_politica`)
) ENGINE=InnoDB AUTO_INCREMENT=71 DEFAULT CHARSET=utf8mb4 COLLATE=utf8mb4_0900_ai_ci;
/*!40101 SET character_set_client = @saved_cs_client */;

--
-- Dumping data for table `politicas`
--

LOCK TABLES `politicas` WRITE;
/*!40000 ALTER TABLE `politicas` DISABLE KEYS */;
INSERT INTO `politicas` VALUES (1,'1. Check in 15hs'),(2,'1. Check in 11hs'),(3,'1. Check in 13hs'),(4,'1. Check in 12hs'),(5,'2. Seguridad 24hs'),(6,'2. Seguridad privada'),(7,'2. Protocolos anti covid'),(8,'2. Seguridad 24hs'),(9,'2. Parque custodiado'),(10,'3. Cancelaciones sin reembolso'),(11,'3. Cancelaciones con 24 hs de anticipación '),(12,'3. Cancelación hasta el día de ingreso');
/*!40000 ALTER TABLE `politicas` ENABLE KEYS */;
UNLOCK TABLES;

--
-- Table structure for table `productos`
--

DROP TABLE IF EXISTS `productos`;
/*!40101 SET @saved_cs_client     = @@character_set_client */;
/*!50503 SET character_set_client = utf8mb4 */;
CREATE TABLE `productos` (
  `id_producto` int NOT NULL AUTO_INCREMENT,
  `descripcion` varchar(255) DEFAULT NULL,
  `nombre_producto` varchar(255) DEFAULT NULL,
  `titulo_descripcion` varchar(255) DEFAULT NULL,
  `categorias_id_categoria` int NOT NULL,
  `ciudades_id_ciudad` int NOT NULL,
  PRIMARY KEY (`id_producto`),
  KEY `fk_productos_categorias_idx` (`categorias_id_categoria`),
  KEY `fk_productos_ciudades_idx` (`ciudades_id_ciudad`),
  CONSTRAINT `fk_productos_categorias` FOREIGN KEY (`categorias_id_categoria`) REFERENCES `categorias` (`id_categoria`),
  CONSTRAINT `fk_productos_ciudades` FOREIGN KEY (`ciudades_id_ciudad`) REFERENCES `ciudades` (`id_ciudad`)
) ENGINE=InnoDB AUTO_INCREMENT=104 DEFAULT CHARSET=utf8mb4 COLLATE=utf8mb4_0900_ai_ci;
/*!40101 SET character_set_client = @saved_cs_client */;

--
-- Dumping data for table `productos`
--

LOCK TABLES `productos` WRITE;
/*!40000 ALTER TABLE `productos` DISABLE KEYS */;
INSERT INTO `productos` VALUES (1,'nuevo','nuevo','nuevo',1,1),(2,'Excelente casa para disfrutar con amigos. Pileta con barra para tragos y parrilla. Lejos de la ciudad para pasar buenos momentos. 4 habitaciones, cocina amplia, comedor y living en planta baja, dormitorios en planta alta.','Filulay´s Home','Casa amplia',1,6),(3,'A pocos metros del centro, ubicado en un lugar estratégico. Incluye estacionamiento dentro del mismo edificio y servicio de lavandería.','Friyay','Departamento con vista a la ciudad',2,5),(4,'Departamento en planta baja, con patio y a pocos metros del río.','Imperial','Departamento interno',2,3),(5,'Excelente vista al lago en medio de la montaña, un lugar único para descansar y disfrutar la naturaleza.','Sweet Home','Cabaña con vista al lago',3,2),(6,'Confortable y cálida cabaña con hogar a leña y un paisaje soñado para liberarse de las preocupaciones.','Aires de montaña','Cabaña en la montaña',3,17),(7,'Pequeña casa muy cerca del mar, especialmente diseñada para disfrutar del atardecer. Bicicletas disponibles para recorrer la ciudad.','La vida es Hoy','Casa con vista al mar',4,5),(8,'Moderna casa en la playa, amplia, ideal para varias personas. A pocos metros de bares y lugares de encuentro para disfrutar las vacaciones de verano.','Si te he visto','Casa en la playa',4,3),(9,'Hermosa casa en barrio tranquilo para disfrutar unos días de descanso lejos de la ciudad','Hostal del lago','Casa de descanso',1,1),(10,'Excelente casa para disfrutar con amigos. Pileta con barra para tragos y parrilla. Lejos de la ciudad para pasar buenos momentos. 4 habitaciones, cocina amplia, comedor y living en planta baja, dormitorios en planta alta.','Filulay´s Home','Casa amplia',1,2),(11,'A pocos metros del centro, ubicado en un lugar estratégico. Incluye estacionamiento dentro del mismo edificio y servicio de lavandería.','Friyay','Departamento con vista a la ciudad',2,4),(12,'Departamento en planta baja, con patio y a pocos metros del río.','Imperial','Departamento interno',2,5),(13,'Cabaña para 2 personas junto al río Paraná, ideal para un fin de semana. Parrilla, kayacs para salir a remar, bicicletas, pileta.','El dorado','Cabaña en el delta',3,7),(14,'Cabaña sobre la laguna Salada Grande, para pesca de pejerrey. 4 personas, parrilla, opciones para alquilar botes, carnada, accesorios para pesca.','El pejerrey','Cabaña para pescar',3,8),(15,'Casa de playa a 10 cuadras del mar. 3 dormitorios, 2 baños, estacionamiento, parrilla. ','Casa en alquiler en Miramar','Casa en ciudad balnearia',4,9),(16,'Casa frente al mar, rústica, ideal para plan familiar. 2 dormitorios. Parrilla.','Casa en alquiler en Monte Hermoso','Casa frente al mar',4,14),(17,'Casa en alquiler para estudiantes. Apto para 10 personas. A 5 cuadras de la peatonal. A 8 cuadras de la zona de boliches.','Casa en alquiler en Villa Gesell','Casa cerca de todo',4,13),(18,'Casa para veranear, ir a la playa y por ahí ves una ballena. 2 dormitorios. Garage. Cerca de todo. ','Casa de playa en Madryn','Casa de playa y mucho más',4,11),(19,'Casa para caretear y pasarla muy bien. Trae plata. ','Casa de playa en Pinamar','Casa de playa, pura diversión',4,12),(20,'Casa en La Feliz, playa, teatros, movida y todo lo que buscas de esta gran ciudad','Casa de playa en Mardel','Casa de playa para pasar el verano',4,10),(21,'Casa para estudiantes, apto para compartir, 2 dormitorios, cocina completa, 2 baños.','Casa en La Plata','Casa para estudiantes',1,3),(22,'Casa amplia, 4 dormitorios, amplios espacios, 3 baños, cocina completa, patio y quincho. Requiere arreglos.','Casa para remodelar','Casa amplia ',1,4),(23,'Casa 2 dormitorios, habitada, se busca alquilar. 1 baño. Garage.','Casa chica','Casa en buen estado',1,5),(24,'Casa frente al río Paraná. Apto para actividades náuticas. Apto para fin de semana.','Casa de fin de semana','Casa de fin de semana',1,7),(25,'Departamento para vivienda permanente, zona vieja de la ciudad, 1 dormitorio. ','Deptos El vivero','Departamento en alquiler para vos',2,9),(26,'Departamento para vivienda permanente en pleno centro de Mar del Plata','Deptos Guillermo Vilas','Departamento en alquiler sobre la peatonal',2,10),(27,'Departamento lujoso frente al silo de colores. Gran vista al río. Parquizado. ','Depto Olmedo','Departamento donde vivió Olmedo',2,15),(28,'Departamento para gente que le gusta la cumbia, la cumbia de Córdoba capital','Depto Te quiero Diego','Departamento donde vivió El Potro',2,16),(29,'Cabaña frente al mar, apto para 4 personas, cerca de la peatonal. Ideal parejas con chicos.','Cabaña Las dunas','Cabaña cómoda frente al mar',3,13),(30,'Cabaña con todas las comodidades en medio del bosque. Ambiente ideal para descansar y relajar después de terminar el sprint. A 20 cuadras de la playa, 10 cuadras del centro. Ideal para caminantes.','Cabaña El Sprint Final','Cabaña para alumnos DH',3,12),(31,'Cabaña alejada de la playa para los que buscan tranquilidad y la playa por ahí','Cabaña Ginobili','Cabaña San Antonio Spurs',3,14),(32,'Cabaña para amantes de la pesca, junto al río y con la posibilidad de contratar lancha con guía.','El dorado de Goya','Cabaña para el pescador',3,5);
/*!40000 ALTER TABLE `productos` ENABLE KEYS */;
UNLOCK TABLES;

--
-- Table structure for table `productos_has_caracteristicas`
--

DROP TABLE IF EXISTS `productos_has_caracteristicas`;
/*!40101 SET @saved_cs_client     = @@character_set_client */;
/*!50503 SET character_set_client = utf8mb4 */;
CREATE TABLE `productos_has_caracteristicas` (
  `caracteristicas_id_caracteristica` int NOT NULL,
  `productos_id_producto` int NOT NULL,
  PRIMARY KEY (`caracteristicas_id_caracteristica`,`productos_id_producto`),
  KEY `fk_productos_has_caracteristicas_caracteristicas_idx` (`caracteristicas_id_caracteristica`),
  KEY `fk_productos_has_caracteristicas_productos_idx` (`productos_id_producto`),
  CONSTRAINT `fk_productos_has_caracteristicas_caracteristicas` FOREIGN KEY (`caracteristicas_id_caracteristica`) REFERENCES `caracteristicas` (`id_caracteristica`),
  CONSTRAINT `fk_productos_has_caracteristicas_productos` FOREIGN KEY (`productos_id_producto`) REFERENCES `productos` (`id_producto`)
) ENGINE=InnoDB DEFAULT CHARSET=utf8mb4 COLLATE=utf8mb4_0900_ai_ci;
/*!40101 SET character_set_client = @saved_cs_client */;

--
-- Dumping data for table `productos_has_caracteristicas`
--

LOCK TABLES `productos_has_caracteristicas` WRITE;
/*!40000 ALTER TABLE `productos_has_caracteristicas` DISABLE KEYS */;
INSERT INTO `productos_has_caracteristicas` VALUES (1,1),(1,3),(1,4),(1,8),(2,1),(2,3),(2,5),(2,7),(3,1),(3,3),(3,5),(3,7),(4,2),(4,4),(4,5),(4,7),(5,2),(5,4),(5,5),(5,6),(6,2),(6,4),(6,6),(7,3),(7,4),(7,5),(8,3),(8,6);
/*!40000 ALTER TABLE `productos_has_caracteristicas` ENABLE KEYS */;
UNLOCK TABLES;

--
-- Table structure for table `productos_has_politicas`
--

DROP TABLE IF EXISTS `productos_has_politicas`;
/*!40101 SET @saved_cs_client     = @@character_set_client */;
/*!50503 SET character_set_client = utf8mb4 */;
CREATE TABLE `productos_has_politicas` (
  `politicas_id_politica` int NOT NULL,
  `productos_id_producto` int NOT NULL,
  PRIMARY KEY (`politicas_id_politica`,`productos_id_producto`),
  KEY `fk_productos_has_politicas_politicas_idx` (`politicas_id_politica`),
  KEY `fk_productos_has_politicas_productos_idx` (`productos_id_producto`),
  CONSTRAINT `fk_productos_has_politicas_politicas` FOREIGN KEY (`politicas_id_politica`) REFERENCES `politicas` (`id_politica`),
  CONSTRAINT `fk_productos_has_politicas_productos` FOREIGN KEY (`productos_id_producto`) REFERENCES `productos` (`id_producto`)
) ENGINE=InnoDB DEFAULT CHARSET=utf8mb4 COLLATE=utf8mb4_0900_ai_ci;
/*!40101 SET character_set_client = @saved_cs_client */;

--
-- Dumping data for table `productos_has_politicas`
--

LOCK TABLES `productos_has_politicas` WRITE;
/*!40000 ALTER TABLE `productos_has_politicas` DISABLE KEYS */;
INSERT INTO `productos_has_politicas` VALUES (1,1),(2,2),(3,3),(4,4),(5,1),(6,2),(7,3),(8,4),(9,1),(10,2),(11,3),(12,4);
/*!40000 ALTER TABLE `productos_has_politicas` ENABLE KEYS */;
UNLOCK TABLES;

--
-- Table structure for table `reservas`
--

DROP TABLE IF EXISTS `reservas`;
/*!40101 SET @saved_cs_client     = @@character_set_client */;
/*!50503 SET character_set_client = utf8mb4 */;
CREATE TABLE `reservas` (
  `id_reserva` int NOT NULL AUTO_INCREMENT,
  `fecha_final` date DEFAULT NULL,
  `fecha_inicial` date DEFAULT NULL,
  `hora_inicio` time DEFAULT NULL,
  `usuarios_id_usuarios` int NOT NULL,
  `productos_id_producto` int NOT NULL,
  PRIMARY KEY (`id_reserva`),
  KEY `fk_reservas_usuarios_idx` (`usuarios_id_usuarios`),
  KEY `fk_reservas_productos_idx` (`productos_id_producto`),
  CONSTRAINT `FK2clngh2cu409qi7yvosk54qeo` FOREIGN KEY (`usuarios_id_usuarios`) REFERENCES `usuarios` (`id_usuarios`),
  CONSTRAINT `fk_reservas_productos` FOREIGN KEY (`productos_id_producto`) REFERENCES `productos` (`id_producto`)
) ENGINE=InnoDB AUTO_INCREMENT=32 DEFAULT CHARSET=utf8mb4 COLLATE=utf8mb4_0900_ai_ci;
/*!40101 SET character_set_client = @saved_cs_client */;

--
-- Dumping data for table `reservas`
--

LOCK TABLES `reservas` WRITE;
/*!40000 ALTER TABLE `reservas` DISABLE KEYS */;
INSERT INTO `reservas` VALUES (8,'2022-01-20','2022-10-10','10:10:00',10,2),(9,'2022-01-20','2022-10-10','10:10:00',10,3),(10,'2022-01-20','2022-10-10','10:10:00',10,2),(11,'2022-01-20','2022-10-10','10:10:00',10,1),(12,'2022-09-16','2022-08-17','07:00:00',10,1),(14,'2022-09-13','2022-08-17','12:00:30',10,1),(15,'2022-09-06','2022-08-01',NULL,10,6),(16,'2022-01-20','2022-10-10','10:10:00',10,2),(17,'2022-01-20','2022-10-10','10:10:00',10,2),(18,'2022-01-20','2022-10-10','10:10:00',10,2),(19,'2022-01-20','2022-10-10','10:10:00',10,2),(20,'2022-01-20','2022-10-10','10:10:00',10,2),(21,'2022-01-20','2022-10-10','10:10:00',10,2),(22,'2022-01-20','2022-10-10','10:10:00',10,2),(23,'2022-01-20','2022-10-10','10:10:00',10,2),(24,'2022-01-20','2022-10-10','10:10:00',10,2),(25,'2022-01-20','2022-10-10','10:10:00',10,2),(26,'2022-01-20','2022-10-10','10:10:00',10,2),(27,'2022-01-20','2022-10-10','10:10:00',10,2),(28,'2022-01-20','2022-10-01','10:10:00',10,2);
/*!40000 ALTER TABLE `reservas` ENABLE KEYS */;
UNLOCK TABLES;

--
-- Table structure for table `roles`
--

DROP TABLE IF EXISTS `roles`;
/*!40101 SET @saved_cs_client     = @@character_set_client */;
/*!50503 SET character_set_client = utf8mb4 */;
CREATE TABLE `roles` (
  `id_roles` int NOT NULL AUTO_INCREMENT,
  `nombre_roles` varchar(255) DEFAULT NULL,
  PRIMARY KEY (`id_roles`)
) ENGINE=InnoDB AUTO_INCREMENT=7 DEFAULT CHARSET=utf8mb4 COLLATE=utf8mb4_0900_ai_ci;
/*!40101 SET character_set_client = @saved_cs_client */;

--
-- Dumping data for table `roles`
--

LOCK TABLES `roles` WRITE;
/*!40000 ALTER TABLE `roles` DISABLE KEYS */;
INSERT INTO `roles` VALUES (1,'Super'),(2,'Administrador'),(3,'Usuario_Privado'),(5,'rolNombre1'),(6,'rolNombre2');
/*!40000 ALTER TABLE `roles` ENABLE KEYS */;
UNLOCK TABLES;

--
-- Table structure for table `usuarios`
--

DROP TABLE IF EXISTS `usuarios`;
/*!40101 SET @saved_cs_client     = @@character_set_client */;
/*!50503 SET character_set_client = utf8mb4 */;
CREATE TABLE `usuarios` (
  `id_usuarios` int NOT NULL AUTO_INCREMENT,
  `nombre_usuario` varchar(255) DEFAULT NULL,
  `apellido_usuario` varchar(255) DEFAULT NULL,
  `email_usuario` varchar(255) DEFAULT NULL,
  `contrasena_usuario` varchar(255) DEFAULT NULL,
  `ciudad_usuario` varchar(255) DEFAULT NULL,
  `roles_id_roles` int NOT NULL,
  PRIMARY KEY (`id_usuarios`),
  KEY `fk_usuarios_roles_idx` (`roles_id_roles`),
  CONSTRAINT `fk_usuarios_roles` FOREIGN KEY (`roles_id_roles`) REFERENCES `roles` (`id_roles`)
) ENGINE=InnoDB AUTO_INCREMENT=13 DEFAULT CHARSET=utf8mb4 COLLATE=utf8mb4_0900_ai_ci;
/*!40101 SET character_set_client = @saved_cs_client */;

--
-- Dumping data for table `usuarios`
--

LOCK TABLES `usuarios` WRITE;
/*!40000 ALTER TABLE `usuarios` DISABLE KEYS */;
INSERT INTO `usuarios` VALUES (8,'Gustavo','Lobos','gustavo@gmail.com','$2a$10$QyL7i8jotxR3UDN57IcyxuBz04rd1hfbKj9bTcsF5jBkUbC8fu6lG','Campana',1),(9,'Natali','Correa','ncorrea@gmail.com','$2a$10$8F/BTGPpahEcrFZs4WUCrurhnvLY.kaqnBGf.7j8xT89POH8c3hL6','Goya',2),(10,'Mariela','Goncalves','mariela@gmail.com','$2a$10$di2l7zxtqJZZcOpG0WHoXe.EqIZRXN9Ku8nOe9iewy30RIY71xpGC','Wheelwright',2),(12,'Mariela','GC','mar@gmail.com','$2a$10$DIBP6OOOoHg96rjVwfA3NuVQdOuoz6VadsuQQ52C4Lf4xsTmT6EEq','La plata',3);
/*!40000 ALTER TABLE `usuarios` ENABLE KEYS */;
UNLOCK TABLES;
/*!40103 SET TIME_ZONE=@OLD_TIME_ZONE */;

/*!40101 SET SQL_MODE=@OLD_SQL_MODE */;
/*!40014 SET FOREIGN_KEY_CHECKS=@OLD_FOREIGN_KEY_CHECKS */;
/*!40014 SET UNIQUE_CHECKS=@OLD_UNIQUE_CHECKS */;
/*!40101 SET CHARACTER_SET_CLIENT=@OLD_CHARACTER_SET_CLIENT */;
/*!40101 SET CHARACTER_SET_RESULTS=@OLD_CHARACTER_SET_RESULTS */;
/*!40101 SET COLLATION_CONNECTION=@OLD_COLLATION_CONNECTION */;
/*!40111 SET SQL_NOTES=@OLD_SQL_NOTES */;

-- Dump completed on 2022-07-06 21:14:14
